dataset,problem_type,metric,n_rows,n_features,in_corpus,best_error,iqr_error,err_l400,rank_l400,err_noleak,rank_noleak,err_l320,rank_l320,err_official,rank_official,rank_gain_l400,rel_gain_l400,spread_gain_l400,rank_gain_l320,rel_gain_l320,spread_gain_l320,rank_gap_320_vs_400,rel_gap_320_vs_400,min_rank_gain,min_spread_gain,flag_spread,min_rel_gain,flag_rank,flag_rel,flag_both_arms_win
QSAR_fish_toxicity,regression,rmse,907,7,True,0.8466199543525574,0.035531578530250685,0.877204382867197,3.0,0.9336672117690294,62.0,0.8466199543525574,1.0,0.9023436372005136,27.0,59.0,0.0604742548416707,1.5890886709061176,61.0,0.09323156722141139,2.4498561847558276,2.0,0.03486579537447419,59.0,1.5890886709061176,True,0.0604742548416707,True,False,True
diabetes,binary,roc_auc,768,9,True,0.1058902275769745,0.018423694779116484,0.1242302543507363,5.0,0.1613788487282461,43.0,0.1099062918340025,4.0,0.1058902275769745,1.0,38.0,0.2301949398589785,2.0163487738419463,39.0,0.3189547905433432,2.7938237965485873,1.0,0.11530172413793265,38.0,2.0163487738419463,True,0.2301949398589785,False,True,True
qsar-biodeg,binary,roc_auc,1054,42,True,0.0549284091318931,0.011883723446460298,0.0639448912612254,10.0,0.0687416597540304,33.0,0.0549284091318931,1.0,0.0733580986042485,51.0,23.0,0.06977964323190142,0.4036418816388537,32.0,0.20094438614900362,1.162367223065237,9.0,0.1410039481105456,23.0,0.4036418816388537,False,0.06977964323190142,False,False,True
kddcup09_appetency,binary,roc_auc,50000,213,True,0.1568965978251255,0.042569967646326784,0.2159859643060619,65.0,0.3475965108219232,85.0,0.2213933264635769,67.0,0.2289720664186149,70.0,20.0,0.3786302290683423,3.091629000268163,18.0,0.3630737951308186,2.964606067048208,-2.0,-0.02503571088467824,18.0,2.964606067048208,True,0.3630737951308186,False,True,True
Diabetes130US,binary,roc_auc,71518,48,True,0.3066422358082861,0.029229185598787955,0.3404952581530924,52.0,0.3659000529565941,77.0,0.352491342925384,66.0,0.3631380714942959,76.0,25.0,0.06943096782365164,0.8691584894707151,11.0,0.03664582697614635,0.45874388069731764,-14.0,-0.035231282918183664,11.0,0.45874388069731764,False,0.03664582697614635,False,False,True
churn,binary,roc_auc,5000,20,True,0.0493550794158405,0.012015273188122538,0.0524493953499389,3.0,0.0565149415485199,7.0,0.0518719871134326,2.0,0.0601067168863779,17.0,4.0,0.07193754584512133,0.33836485737169236,5.0,0.08215445876558464,0.3864210461462504,1.0,0.011008863546545629,4.0,0.33836485737169236,False,0.07193754584512133,False,False,True
concrete_compressive_strength,regression,rmse,1030,9,True,3.660705127965981,1.180708856122597,5.032819720098477,55.0,5.4973653017741775,71.0,5.307531969542902,68.0,5.572129581265982,78.0,16.0,0.08450331316454027,0.39344634307330495,3.0,0.0345316932403983,0.1607791211583531,-13.0,-0.05458416250186087,3.0,0.1607791211583531,False,0.0345316932403983,False,False,True
GiveMeSomeCredit,binary,roc_auc,150000,11,True,0.1272926321094923,0.008988463977113559,0.1341882894948508,54.0,0.1350550701144576,57.0,0.1342013273098499,55.0,0.1352867975558118,58.0,3.0,0.006417979116757595,0.0964325630957436,2.0,0.006321442089394847,0.0949820577555304,-1.0,-9.716060207785547e-05,2.0,0.0949820577555304,False,0.006321442089394847,False,False,True
anneal,multiclass,log_loss,898,39,True,0.01061581779225,0.0429357917991971,0.0801745653152465,72.0,0.0993112921714782,80.0,0.0878840088844299,78.0,0.0745912221910546,70.0,8.0,0.19269436977205795,0.44570569341612937,2.0,0.11506529657591312,0.2661481903138441,-6.0,-0.09615822098778912,2.0,0.2661481903138441,False,0.11506529657591312,False,False,True
hiva_agnostic,multiclass,log_loss,3845,1618,True,0.173464685678482,0.013009962146403264,0.1777065247297287,45.0,0.1817195564508438,57.0,0.1793806701898574,55.0,0.212186371566473,71.0,12.0,0.022083653512552242,0.3084583702823882,2.0,0.012870856096432822,0.17977656158154312,-10.0,-0.009420844072410312,2.0,0.17977656158154312,False,0.012870856096432822,False,False,True
online_shoppers_intention,binary,roc_auc,12330,18,True,0.0648084784363991,0.006725273641027943,0.0763420449484582,66.0,0.0767208698580289,68.0,0.0760329202014606,62.0,0.0747778646766818,57.0,2.0,0.004937703525412415,0.05632854955665326,6.0,0.008966916796451032,0.10229318438009928,4.0,0.004049207054989162,2.0,0.05632854955665326,False,0.004937703525412415,False,False,True
APSFailure,binary,roc_auc,76000,171,True,0.0030315849399503,0.0027761465278461003,0.0136869094929987,80.0,0.0174597606770234,83.0,0.0168316966094087,82.0,0.0122364327082034,79.0,3.0,0.2160883676366582,1.3590245133609367,1.0,0.03597208915018039,0.2262359213805581,-2.0,-0.229766048940315,1.0,0.2262359213805581,False,0.03597208915018039,False,False,True
Bank_Customer_Churn,binary,roc_auc,10000,11,True,0.1168651140344306,0.01154031768220129,0.1262835287297983,40.0,0.1284541074860836,50.0,0.1280283678501397,49.0,0.1279498764384313,48.0,10.0,0.016897698320160342,0.1880865688500923,1.0,0.0033143325992126237,0.03689150053473054,-9.0,-0.013816838489481353,1.0,0.03689150053473054,False,0.0033143325992126237,False,False,True
QSAR-TID-11,regression,rmse,5742,1025,True,0.790624241103194,0.042365666566030025,1.2156305195904311,82.0,1.2883849036549777,84.0,1.2523584821525924,83.0,1.4940444301224542,87.0,2.0,0.056469447801004206,1.7172958662447457,1.0,0.02796246789308314,0.850368338858436,-1.0,-0.030213096800609785,1.0,0.850368338858436,True,0.02796246789308314,False,False,True
bank-marketing,binary,roc_auc,45211,14,True,0.2205422222244955,0.009538869740197797,0.2313540011330659,60.0,0.2320067586724475,62.0,0.2316323021682205,61.0,0.234122029814674,64.0,2.0,0.0028135281192526677,0.06843132961872936,1.0,0.0016139896370676644,0.03925585676560712,-1.0,-0.0012029229397011465,1.0,0.03925585676560712,False,0.0016139896370676644,False,False,True
credit-g,binary,roc_auc,1000,21,True,0.1918376068376067,0.019188034188034275,0.2351282051282052,78.0,0.282991452991453,87.0,0.256025641025641,86.0,0.2024786324786325,8.0,9.0,0.16913319238900612,2.494432071269473,1.0,0.09528843249773492,1.4053452115812868,-8.0,-0.08887677208287856,1.0,1.4053452115812868,True,0.09528843249773492,False,False,True
jm1,binary,roc_auc,10885,22,True,0.2046137883172389,0.024931208310094682,0.2571611978854888,73.0,0.2577160088263606,74.0,0.2564019829137697,71.0,0.258505884402707,75.0,1.0,0.0021527996782132264,0.022253672343957046,3.0,0.0050987360799779795,0.052706066077785614,2.0,0.002952292095237372,1.0,0.022253672343957046,False,0.0021527996782132264,False,False,True
physiochemical_protein,regression,rmse,45730,10,True,2.933699385611609,0.40658897542977357,4.073029187087336,79.0,4.14058463510905,81.0,4.112781038623635,80.0,4.517771248708859,84.0,2.0,0.01631543706386169,0.1661516964406298,1.0,0.006714896309487716,0.06838256363450654,-1.0,-0.009759775761569259,1.0,0.06838256363450654,False,0.006714896309487716,False,False,True
superconductivity,regression,rmse,21263,82,True,8.875454579634738,0.657154028308625,13.438867244049606,79.0,13.587712288071591,81.0,13.511402880431024,80.0,14.463212453790216,84.0,2.0,0.010954385908851935,0.22649947745900803,1.0,0.005616060012365546,0.11612103761574899,-1.0,-0.005397451664948612,1.0,0.11612103761574899,False,0.005616060012365546,False,False,True
credit_card_clients_default,binary,roc_auc,30000,24,True,0.2024219634509807,0.007105378307239563,0.2146901652841901,65.0,0.2141227148736266,64.0,0.2134705430806052,60.0,0.2178639809378921,68.0,-1.0,-0.002650117764938677,-0.0798620968549036,4.0,0.0030457851863419146,0.09178565374301288,5.0,0.005680848034983166,-1.0,-0.0798620968549036,False,-0.002650117764938677,False,False,False
houses,regression,rmse,20640,9,True,0.1821820856217284,0.029522925555242885,0.244265417337695,76.0,0.2430542832993614,75.0,0.2405030275935049,71.0,0.258983588324426,81.0,-1.0,-0.004982977555025754,-0.04102351022317662,4.0,0.01049664984802684,0.08641608708739384,5.0,0.015402875221540794,-1.0,-0.04102351022317662,False,-0.004982977555025754,False,False,False
Amazon_employee_access,binary,roc_auc,32769,10,True,0.1144568069186668,0.016643944444512726,0.3140679025177462,84.0,0.3017595410270003,83.0,0.31419897747694,85.0,0.3511189880797895,86.0,-1.0,-0.040788640680112155,-0.739509887922257,-2.0,-0.04122300957777051,-0.7473851220430368,-1.0,-0.00041734592469659475,-2.0,-0.7473851220430368,False,-0.04122300957777051,False,False,False
diamonds,regression,rmse,53940,10,True,494.1279291679961,37.63035864794915,583.5212395652484,73.0,580.0368690742796,72.0,593.5926966613006,74.0,649.36325304809,81.0,-1.0,-0.006007153470312551,-0.09259466601333292,-2.0,-0.023370630919816622,-0.3602364706072175,-1.0,-0.017259795210806592,-2.0,-0.3602364706072175,False,-0.023370630919816622,False,False,False
wine_quality,regression,rmse,6497,13,True,0.5772093534469604,0.034337686297082004,0.65671706199646,75.0,0.6587349772453308,77.0,0.665671169757843,79.0,0.6750901341438293,83.0,2.0,0.003063318813446463,0.05876677978278143,-2.0,-0.01052956462326879,-0.20199941406948088,-4.0,-0.013634650718776854,-2.0,-0.20199941406948088,False,-0.01052956462326879,False,False,False
Bioresponse,binary,roc_auc,3751,1777,True,0.1059939149639377,0.02428737638161721,0.1784635026538377,80.0,0.1806282722513088,82.0,0.2283227025385206,86.0,0.5119487044844966,87.0,2.0,0.011984666467158912,0.08913147157012795,-4.0,-0.26404742564804223,-1.9637539081129844,-6.0,-0.2793803726994749,-4.0,-1.9637539081129844,False,-0.26404742564804223,False,False,False
miami_housing,regression,rmse,13776,16,True,72907.63260474654,11213.253018419491,123693.59913681244,80.0,122804.67144758088,79.0,125445.19967410035,83.0,126332.77916418096,84.0,-1.0,-0.007238549468462136,-0.07927473747104016,-4.0,-0.021501854900092928,-0.23548280076994568,-3.0,-0.014160801767523488,-4.0,-0.23548280076994568,False,-0.021501854900092928,False,False,False
heloc,binary,roc_auc,10459,24,True,0.197951508599379,0.006034397516101214,0.2052041240103629,60.0,0.2043497893827827,55.0,0.2038408801756132,51.0,0.2132873425314937,79.0,-5.0,-0.004180746308379487,-0.14157745247982512,4.0,0.002490382831842465,0.08433471706357001,9.0,0.006643354958503931,-5.0,-0.14157745247982512,False,-0.004180746308379487,False,False,False
healthcare_insurance_expenses,regression,rmse,1338,7,True,4000.7894447882218,149.95851370735363,4206.579853579821,60.0,4164.660718103545,50.0,4203.816508054069,59.0,4258.845155409213,67.0,-10.0,-0.010065438294662511,-0.27953821653688793,-9.0,-0.009401915930466121,-0.26111081646846224,1.0,0.0006569102743646433,-10.0,-0.27953821653688793,False,-0.010065438294662511,False,False,False
airfoil_self_noise,regression,rmse,1503,6,True,0.7975475336443602,0.7706592449915843,1.760542477286957,62.0,1.712477833446747,60.0,1.8297428981480703,71.0,2.056007427941984,77.0,-2.0,-0.028067308610628266,-0.0623682180582091,-11.0,-0.06847683655285688,-0.1521620164338701,-9.0,-0.03930630572898936,-11.0,-0.1521620164338701,False,-0.06847683655285688,False,False,False
website_phishing,multiclass,log_loss,1353,10,True,0.1923949792949185,0.06230994898538997,0.2564018666744232,61.0,0.2554102838039398,59.0,0.2965757250785827,73.0,0.5357378597494191,86.0,-2.0,-0.0038823138039522542,-0.01591371661555843,-14.0,-0.16117378149989703,-0.6606559938653632,-12.0,-0.1566831744449501,-14.0,-0.6606559938653632,False,-0.16117378149989703,False,False,False
splice,multiclass,log_loss,3190,61,True,0.0683029301170225,0.05267559978281054,0.1185292527079582,57.0,0.0978219211101532,41.0,0.1065550446510315,53.0,0.1309580002778586,60.0,-16.0,-0.21168395961562983,-0.3931105043546624,-12.0,-0.08927573126522724,-0.16579068063555583,4.0,0.10102323083424568,-16.0,-0.3931105043546624,False,-0.21168395961562983,False,False,False
blood-transfusion-service-center,binary,roc_auc,748,5,True,0.2414912280701755,0.03662280701754389,0.2732456140350878,39.0,0.2637719298245615,21.0,0.2798245614035088,48.0,0.2579824561403508,13.0,-18.0,-0.035916195543731225,-0.2586826347305383,-27.0,-0.06085799800465559,-0.43832335329341143,-9.0,-0.024077046548956527,-27.0,-0.43832335329341143,False,-0.06085799800465559,False,False,False
coil2000_insurance_policies,binary,roc_auc,9822,86,False,0.2244559922052613,0.024176597463378857,0.264838733854648,55.0,0.2773203087915656,74.0,,,0.3190579692041205,86.0,19.0,0.04500779258218253,0.5162668136334683,,,,,,19.0,0.5162668136334683,False,0.04500779258218253,False,False,False
E-CommereShippingData,binary,roc_auc,10999,11,False,0.2518786780929354,0.004541490680619542,0.2557665946035479,16.0,0.2569275771835557,25.0,,,0.2539069211495983,5.0,9.0,0.004518715323339389,0.2556390977443154,,,,,,9.0,0.2556390977443154,False,0.004518715323339389,False,False,False
in_vehicle_coupon_recommendation,binary,roc_auc,12684,25,False,0.1382238027994278,0.0374988369165426,0.1936872619099746,72.0,0.2077548703549638,78.0,,,0.2372567103073823,82.0,6.0,0.06771253266387303,0.3751478606202656,,,,,,6.0,0.3751478606202656,False,0.06771253266387303,False,False,False
HR_Analytics_Job_Change_of_Data_Scientists,binary,roc_auc,19158,13,False,0.1822444643954022,0.0067198214686280955,0.1919405512124661,63.0,0.1949608414412488,67.0,,,0.199185788663803,70.0,4.0,0.01549177879237295,0.44945989158836086,,,,,,4.0,0.44945989158836086,False,0.01549177879237295,False,False,False
Food_Delivery_Time,regression,rmse,45451,10,False,7.203727887842805,0.454666933806247,7.956500053405762,72.0,7.969035625457764,75.0,,,8.01207447052002,78.0,3.0,0.001573035012160819,0.02757089007344417,,,,,,3.0,0.02757089007344417,False,0.001573035012160819,False,False,False
SDSS17,multiclass,log_loss,78053,12,False,0.0612276780262721,0.02539450728869906,0.0978402122855186,65.0,0.098193347454071,68.0,,,0.1154841517766489,74.0,3.0,0.0035963247786982133,0.013905966535903185,,,,,,3.0,0.013905966535903185,False,0.0035963247786982133,False,False,False
polish_companies_bankruptcy,binary,roc_auc,5910,65,False,0.002694207453974,0.03451552376675859,0.0481669767143498,60.0,0.0536636410289306,63.0,,,0.1518739175059336,83.0,3.0,0.10242809114680629,0.15925194563828568,,,,,,3.0,0.15925194563828568,False,0.10242809114680629,False,False,False
maternal_health_risk,multiclass,log_loss,1014,7,False,0.3145147310180394,0.12337296315356416,0.5962386727333069,73.0,0.6115992665290833,75.0,,,0.6656498264851795,82.0,2.0,0.025115454900641102,0.12450534868532587,,,,,,2.0,0.12450534868532587,False,0.025115454900641102,False,False,False
Marketing_Campaign,binary,roc_auc,2240,26,False,0.0528075245056377,0.01978865658110951,0.0860530341662417,69.0,0.0874128845826959,70.0,,,0.10194628590855,84.0,1.0,0.01555663587749161,0.06871868289191141,,,,,,1.0,0.06871868289191141,False,0.01555663587749161,False,False,False
customer_satisfaction_in_airline,binary,roc_auc,129880,22,False,0.0038483016566821,0.00253816257760045,0.009055135545532,74.0,0.0092489385655731,75.0,,,0.0167698452432034,83.0,1.0,0.020954082316265367,0.07635563684983458,,,,,,1.0,0.07635563684983458,False,0.020954082316265367,False,False,False
NATICUSdroid,binary,roc_auc,7491,87,False,0.0113316724262637,0.0025084561036925017,0.0167275054952337,70.0,0.0162960644398103,67.0,,,0.0193189717039524,81.0,-3.0,-0.026475168714319684,-0.17199466029655155,,,,,,-3.0,-0.17199466029655155,False,-0.026475168714319684,False,False,False
taiwanese_bankruptcy_prediction,binary,roc_auc,6819,95,False,0.0471855541718555,0.008966376089663705,0.0647260273972601,72.0,0.0622166874221669,68.0,,,0.0778704856787049,79.0,-4.0,-0.040332265812647004,-0.27986111111109135,,,,,,-4.0,-0.27986111111109135,False,-0.040332265812647004,False,False,False
hazelnut-spread-contaminant-detection,binary,roc_auc,2400,31,False,0.0039062500000001,0.023412499999999954,0.04646875,72.0,0.04039375,67.0,,,0.0580374999999998,84.0,-5.0,-0.15039455361287338,-0.2594767752269094,,,,,,-5.0,-0.2594767752269094,False,-0.15039455361287338,False,False,False
students_dropout_and_academic_success,multiclass,log_loss,4424,37,False,0.5279475139806623,0.030230961824695868,0.5892536044120789,66.0,0.5784876346588135,61.0,,,0.6220725254521086,81.0,-5.0,-0.018610544302498443,-0.35612395714352,,,,,,-5.0,-0.35612395714352,False,-0.018610544302498443,False,False,False
MIC,multiclass,log_loss,1699,112,False,0.4385763204949951,0.034317611000213744,0.524084746837616,75.0,0.5023511052131653,68.0,,,0.5952687228090224,80.0,-7.0,-0.04326384753394408,-0.6333087004312543,,,,,,-7.0,-0.6333087004312543,False,-0.04326384753394408,False,False,False
Is-this-a-good-customer,binary,roc_auc,1723,14,False,0.248675358695005,0.02418586652378396,0.2910638804548431,68.0,0.2822825504554385,57.5,,,0.3302375424182889,82.0,-10.5,-0.031108299061478304,-0.3630769230769223,,,,,,-10.5,-0.3630769230769223,False,-0.031108299061478304,False,False,False
Another-Dataset-on-used-Fiat-500,regression,rmse,1538,8,False,663.5618263095308,36.120743622852274,727.6913423760195,72.0,717.0711977822892,55.0,,,792.7249403309239,87.0,-17.0,-0.014810446475295025,-0.2940178835911703,,,,,,-17.0,-0.2940178835911703,False,-0.014810446475295025,False,False,False
Fitness_Club,binary,roc_auc,1500,7,False,0.1892865245009074,0.007590366001209908,0.196442075015124,50.0,0.1929068360556562,29.0,,,0.2050438596491228,76.0,-21.0,-0.018326146609173782,-0.46575342465755776,,,,,,-21.0,-0.46575342465755776,False,-0.018326146609173782,False,False,False
seismic-bumps,binary,roc_auc,2584,16,False,0.1912389669826741,0.013746322327558042,0.2113762667538412,46.0,0.2006973956630706,6.0,,,0.2113980603683121,47.0,-40.0,-0.053208817461180245,-0.7768529528339406,,,,,,-40.0,-0.7768529528339406,False,-0.053208817461180245,False,False,False
