method,method_type,compute,date_introduced,reference_url,all__pos,all__elo,all__elo+,all__elo-,all__rank,all__winrate,all__improvability,all__imputed,all__time_train_s,all__time_infer_s,all__rank=1_count,classification__pos,classification__elo,classification__elo+,classification__elo-,classification__rank,classification__winrate,classification__improvability,classification__imputed,classification__time_train_s,classification__time_infer_s,classification__rank=1_count,binary__pos,binary__elo,binary__elo+,binary__elo-,binary__rank,binary__winrate,binary__improvability,binary__imputed,binary__time_train_s,binary__time_infer_s,binary__rank=1_count,multiclass__pos,multiclass__elo,multiclass__elo+,multiclass__elo-,multiclass__rank,multiclass__winrate,multiclass__improvability,multiclass__imputed,multiclass__time_train_s,multiclass__time_infer_s,multiclass__rank=1_count,regression__pos,regression__elo,regression__elo+,regression__elo-,regression__rank,regression__winrate,regression__improvability,regression__imputed,regression__time_train_s,regression__time_infer_s,regression__rank=1_count
TabFM+,baseline,gpu,2026-06-30,https://github.com/google-research/tabfm,1.0,1829.4,123.2,115.4,6.784313725490196,0.9319492502883506,0.051641290305868864,0.0,164.31137041952096,147.13470867100884,13.0,1.0,1776.8,139.7,105.7,8.026315789473685,0.9173374613003096,0.06654697799341462,0.0,173.60528967882456,172.10417704205764,11.0,3.0,1765.3,170.1,122.2,8.533333333333333,0.9113725490196078,0.06341708289554406,0.0,185.4654649734497,198.01107647418976,8.0,1.0,1872.8,555.6,152.1,6.125,0.9397058823529412,0.07828408461042925,0.0,129.12963232398033,74.9533041715622,3.0,1.0,2305.4,280.7,130.5,3.1538461538461537,0.9746606334841629,0.008070818603812032,0.0,137.1445295077104,74.14703189409695,2.0
"AutoGluon 1.6 (noncommercial, 4h)",baseline,gpu,2026-08,https://arxiv.org/abs/2003.06505,2.0,1824.2,111.3,71.7,6.931372549019608,0.9302191464821222,0.06289239201857147,0.0,160.06974758353888,7.174068436903112,7.5,2.0,1771.4,109.1,68.2,8.210526315789474,0.9151702786377709,0.08016527063226238,0.0,167.6021994540566,7.3916066069352,3.5,1.0,1783.4,126.7,80.4,7.916666666666667,0.9186274509803921,0.0708892431905614,0.0,176.54802609284718,8.689606269200643,2.5,2.0,1770.1,311.5,84.8,9.3125,0.9022058823529412,0.11495037353864102,0.0,134.05534955859184,2.524107873439789,1.0,2.0,2301.9,233.2,130.4,3.1923076923076925,0.9742081447963801,0.012402439147782674,0.0,138.05181134664096,6.5381876321939325,4.0
TABFM (default),config,gpu,2026-06-30,https://github.com/google-research/tabfm,3.0,1790.2,127.0,111.4,7.96078431372549,0.9181084198385236,0.055738542217240054,0.0,612.7116171285218,138.3528288859947,10.0,3.0,1751.3,149.9,129.3,8.921052631578947,0.9068111455108359,0.06730059103642273,0.0,704.6515281890568,162.06852926706014,7.0,2.0,1772.0,168.2,121.3,8.3,0.9141176470588235,0.06429190997397205,0.0,804.9712086598079,186.63243851661682,5.0,6.0,1721.2,789.9,270.6,11.25,0.8794117647058823,0.07858314502061284,0.0,328.4527264237404,69.95386958122253,2.0,4.0,2159.5,266.3,77.7,5.153846153846154,0.951131221719457,0.02194178413039836,0.0,343.96418479772717,69.03001238749577,3.0
"AutoGluon 1.6 (extreme, 4h)",baseline,gpu,2026-08,https://arxiv.org/abs/2003.06505,4.0,1751.4,102.8,64.3,9.294117647058824,0.9024221453287197,0.07111712013889546,0.0,139.3104708849215,6.108352712556427,3.5,5.0,1703.2,81.7,52.6,10.828947368421053,0.8843653250773994,0.08921982345492224,0.0,145.6055307764756,6.300570105251513,1.5,5.0,1710.2,105.8,71.5,10.666666666666666,0.8862745098039215,0.07796812153909999,0.0,152.0552578608195,7.180216900507609,1.5,7.0,1716.8,276.7,87.9,11.4375,0.8772058823529412,0.1314137056392557,0.0,121.419054210186,3.001894623041153,0.0,3.0,2180.8,191.5,74.7,4.8076923076923075,0.9552036199095023,0.018201525830509484,0.0,120.90952658653259,5.546486487755408,2.0
TA-EXAONE-TABULAR (default),config,gpu,2026-07-31,https://github.com/LGAI-Research/EXAONE-Tabular,5.0,1739.0,96.4,63.6,9.754901960784315,0.8970011534025375,0.07769955575734834,0.0,74.97070063796698,11.027849384382659,5.0,4.0,1738.2,107.3,73.5,9.407894736842104,0.9010835913312694,0.09324191385865266,0.0,63.186456868523045,10.399483072130304,5.0,4.0,1743.0,141.6,83.0,9.35,0.9017647058823529,0.08941446701695652,0.0,73.00510378678639,12.467128888765972,5.0,3.0,1761.7,341.3,104.1,9.625,0.8985294117647059,0.10759483951501324,0.0,26.366530925035477,2.6458112597465515,0.0,5.0,1919.8,175.9,115.8,10.76923076923077,0.8850678733031674,0.03226804746122799,0.0,109.41695165634155,12.864612450966469,0.0
"AutoGluon 1.5 (extreme, 4h)",baseline,gpu,2025-12,https://arxiv.org/abs/2003.06505,6.0,1641.1,96.3,82.6,14.098039215686274,0.8459054209919262,0.08383605093629841,0.0,3757.809341313792,27.448745423672246,2.0,6.0,1616.5,110.4,104.0,15.078947368421053,0.8343653250773994,0.09836664528183785,0.0,3556.7738271198773,27.92857821364152,2.0,7.0,1598.0,136.3,104.4,16.333333333333332,0.8196078431372549,0.09152284959670408,0.0,3823.641578578949,33.14877359072367,2.0,5.0,1742.4,208.6,67.3,10.375,0.8897058823529411,0.12403087910108943,0.0,2556.0197591483593,8.352845549583435,0.0,7.0,1905.3,122.9,47.8,11.23076923076923,0.8796380090497737,0.041362005926260055,0.0,4345.451613572927,26.04615726837745,0.0
TA-TABPFN-3 (default),config,gpu,2026-05,https://arxiv.org/abs/2605.13986,7.0,1634.5,85.8,59.9,14.441176470588236,0.8418685121107267,0.09567348664051256,0.0,26.429065942764282,2.422183957754397,0.0,7.0,1608.3,89.9,72.1,15.539473684210526,0.8289473684210527,0.11783246646978328,0.0,26.914751310097543,2.706115540705229,0.0,6.0,1623.4,105.0,68.4,14.883333333333333,0.8366666666666667,0.11692020852879864,0.0,29.06529192129771,3.065688474973043,0.0,10.0,1589.2,313.3,159.0,18.0,0.8,0.12125343374847568,0.0,18.850224018096924,1.3577170372009277,0.0,6.0,1905.3,250.2,149.6,11.23076923076923,0.8796380090497737,0.03090108406264428,0.0,25.009370253636288,1.5922300998981183,0.0
TABPFN-V2.6 (default),config,gpu,2026-03,https://arxiv.org/abs/2511.08667,8.0,1600.1,77.3,57.0,16.313725490196077,0.8198385236447521,0.10971495950990705,0.0,108.05620168237125,9.114482117634193,0.0,8.0,1578.2,72.9,64.7,17.31578947368421,0.8080495356037152,0.13296590392180754,0.0,128.97028511448912,10.67007973947023,0.0,8.0,1572.3,98.7,67.8,17.9,0.8011764705882353,0.13130473901501363,0.0,154.60465514659882,12.834590911865234,0.0,9.0,1640.1,196.4,104.9,15.125,0.8338235294117647,0.13919527232228462,0.0,32.84139749407768,2.553162842988968,0.0,10.0,1843.5,149.3,57.3,13.384615384615385,0.8542986425339366,0.04175066045973638,0.0,46.92272703464214,4.567350607651931,0.0
REALTABPFN-V2.5 (tuned + ensemble),hpo,gpu,2025-11,https://arxiv.org/abs/2511.08667,9.0,1591.0,83.5,61.0,16.833333333333332,0.8137254901960784,0.09908995867519692,0.0,18809.621657745512,197.2438130799462,1.0,9.0,1564.5,90.0,71.5,18.17105263157895,0.7979876160990712,0.12087280226092278,0.0,20666.84492694704,239.2748752518704,1.0,10.0,1536.5,105.7,63.8,20.25,0.7735294117647059,0.13640283152328767,0.0,23949.946201443672,287.6204816818237,0.0,4.0,1742.4,318.4,140.0,10.375,0.8897058823529411,0.06263519252705434,0.0,8355.215147584677,57.97885113954544,1.0,9.0,1856.0,199.8,132.2,12.923076923076923,0.8597285067873304,0.0354170312707675,0.0,13380.815178541037,74.38378519278307,0.0
TABICLV2 (default),config,gpu,2026-02-12,https://arxiv.org/abs/2602.11139,10.0,1552.1,76.6,70.8,19.215686274509803,0.7856978085351788,0.11420265421658207,0.0,16.794721318226234,1.663248015385048,0.0,10.0,1549.2,89.9,83.7,19.157894736842106,0.7863777089783281,0.1358085013220268,0.0,18.331106587460166,1.8842644377758628,0.0,9.0,1566.0,99.6,83.8,18.3,0.7964705882352942,0.1291489188084129,0.0,19.54420659542084,2.0771809101104735,0.0,12.0,1521.4,361.8,183.4,22.375,0.7485294117647059,0.16078193574807886,0.0,13.78198155760765,1.1608276665210724,0.0,15.0,1704.0,259.4,150.8,19.384615384615383,0.783710407239819,0.05104710113912826,0.0,12.303748992773203,1.0172000114734356,0.0
REALTABPFN-V2.5 (tuned),hpo,gpu,2025-11,https://arxiv.org/abs/2511.08667,11.0,1538.8,71.0,58.4,20.07843137254902,0.7755478662053057,0.11766666546213794,0.0,18809.621657745512,15.114562034606934,0.0,12.0,1526.3,83.5,64.8,20.710526315789473,0.7681114551083591,0.1427083207562233,0.0,20666.84492694704,18.231141542133532,0.0,13.0,1505.5,89.7,59.7,22.45,0.7476470588235294,0.14281122070735672,0.0,23949.946201443672,19.856497971216836,0.0,8.0,1658.1,178.1,97.6,14.1875,0.8448529411764706,0.14232244593947307,0.0,8355.215147584677,12.136054933071136,0.0,14.0,1728.1,170.0,138.2,18.23076923076923,0.7972850678733032,0.04446798075634994,0.0,13380.815178541037,6.004560397221492,0.0
"AutoGluon 1.4 (best, 4h)",baseline,cpu,2023-11,https://arxiv.org/abs/2003.06505,12.0,1519.9,56.2,58.1,21.352941176470587,0.7605536332179931,0.12607647900431757,0.0,8869.150215434092,33.83229374418072,0.0,13.0,1518.4,91.1,62.5,21.263157894736842,0.7616099071207431,0.1455818235369844,0.0,8343.350590799984,20.568619859846013,0.0,11.0,1533.9,101.0,71.2,20.433333333333334,0.7713725490196078,0.13528698163213013,0.0,7868.039850378036,21.167550404866535,0.0,14.0,1493.2,163.6,101.8,24.375,0.725,0.1841874806801879,0.0,10125.765867382288,18.32263031601906,0.0,17.0,1660.1,110.9,95.0,21.615384615384617,0.7574660633484163,0.06906085652421454,0.0,10406.102964364565,72.60303279069754,0.0
REALTABPFN-V2.5 (default),config,gpu,2025-11,https://arxiv.org/abs/2511.08667,13.0,1519.9,62.6,45.8,21.352941176470587,0.7605536332179931,0.11963597472867972,0.0,70.0432244235394,11.347493774750653,0.0,11.0,1527.4,64.5,56.1,20.63157894736842,0.7690402476780186,0.14053586705915397,0.0,81.99913437742936,13.73457279958223,0.0,12.0,1530.2,79.3,49.7,20.683333333333334,0.7684313725490196,0.1391090496457341,0.0,95.20862965583801,16.507544549306235,0.0,11.0,1550.3,211.2,94.1,20.4375,0.7713235294117647,0.14588643235947857,0.0,32.46352708339691,3.335928738117218,0.0,19.0,1625.9,180.6,148.9,23.46153846153846,0.7357466063348417,0.05854398176267808,0.0,35.095179942937996,4.369878163704505,0.0
REALMLP_GPU (tuned + ensemble),hpo,gpu,2024-07,https://arxiv.org/abs/2407.04491,14.0,1483.4,54.2,41.6,23.96078431372549,0.7298731257208766,0.1347019054068189,0.0,31981.760602137623,33.809967508503036,0.0,14.0,1469.7,55.9,46.4,24.86842105263158,0.7191950464396285,0.15881360140569534,0.0,34209.95437104451,36.76408985414003,0.0,14.0,1481.7,66.0,58.2,24.233333333333334,0.7266666666666667,0.14907038953044452,0.0,39428.774099087714,40.49330902894338,0.0,17.0,1454.7,177.6,95.3,27.25,0.6911764705882353,0.19535064593788587,0.0,14639.380390882492,22.779517948627472,0.0,16.0,1665.9,106.8,54.8,21.307692307692307,0.7610859728506787,0.06422156325625698,0.0,25468.5788161021,25.17484065202566,0.0
TABDPT_GPU (tuned + ensemble),hpo,gpu,2024-10,https://arxiv.org/abs/2410.18164,15.0,1420.9,65.4,56.1,28.862745098039216,0.6722029988465975,0.14458593426418193,0.0,66416.46539208468,2971.300943636427,1.0,24.0,1365.9,88.2,56.7,33.60526315789474,0.6164086687306501,0.17772603606932813,0.0,69641.0239701271,3343.731673836708,1.0,25.0,1365.6,71.8,59.8,34.03333333333333,0.6113725490196078,0.16375934927047806,0.0,77303.9942337672,3921.853583979607,1.0,25.0,1395.1,218.6,162.1,32.0,0.6352941176470588,0.23010111156501595,0.0,40904.88548147679,1175.7745108008385,0.0,11.0,1802.0,239.0,104.8,15.0,0.8352941176470589,0.04771486744913923,0.0,56990.83262549914,1882.6572707432967,0.0
REALMLP_GPU (tuned),hpo,gpu,2024-07,https://arxiv.org/abs/2407.04491,16.0,1413.2,48.1,58.2,29.5,0.6647058823529411,0.1473788396850261,0.0,31981.760602137623,1.8869580848544252,0.0,15.0,1408.4,52.6,54.9,29.88157894736842,0.6602167182662538,0.17199220237619078,0.0,34209.95437104451,2.056703987874483,0.0,15.0,1414.8,75.5,74.7,29.683333333333334,0.6625490196078432,0.16454676618469743,0.0,39428.774099087714,1.7637614488601685,0.0,23.0,1411.9,166.1,108.3,30.625,0.6514705882352941,0.19991258809429088,0.0,14639.380390882492,3.1552385091781616,0.0,22.0,1541.9,131.1,129.8,28.384615384615383,0.6778280542986426,0.07543208720316007,0.0,25468.5788161021,1.3907777529496412,0.0
TABDPT_TURBO (default),config,gpu,2026-06-05,https://openreview.net/pdf?id=Y00pwFyrHR,17.0,1411.1,54.1,44.5,29.676470588235293,0.6626297577854672,0.15068768273966282,0.0,16.529033459869087,1.7968704840716194,0.0,20.0,1383.5,83.4,58.0,32.03947368421053,0.6348297213622291,0.18121373498251944,0.0,17.84165708642257,2.09049055450841,0.0,18.0,1391.4,71.5,69.4,31.716666666666665,0.6386274509803922,0.16762853402995753,0.0,19.34049677848816,2.3652774890263877,0.0,26.0,1380.0,203.8,137.8,33.25,0.6205882352941177,0.23215823855462675,0.0,12.221008241176605,1.0600395500659943,0.0,18.0,1638.5,151.5,85.6,22.76923076923077,0.7438914027149321,0.06145768387592801,0.0,12.692133628405058,0.9385964320256159,0.0
TA-TABM (tuned + ensemble),hpo,gpu,2024-10,https://arxiv.org/abs/2410.24210,18.0,1397.7,64.1,45.0,30.80392156862745,0.649365628604383,0.15112103348614658,0.0,23075.823507790472,8.627874407113767,1.0,16.0,1400.0,70.9,62.9,30.605263157894736,0.651702786377709,0.17577245156566967,0.0,21231.65221075008,9.260458481939216,1.0,17.0,1400.7,83.3,66.8,30.9,0.648235294117647,0.16705153226748917,0.0,22866.344643473625,9.615559951464336,1.0,20.0,1425.9,167.3,112.3,29.5,0.6647058823529411,0.2084758989338465,0.0,15101.555588036776,7.9288279712200165,0.0,27.0,1494.6,131.8,87.4,31.384615384615383,0.6425339366515838,0.07906304217677138,0.0,28466.478068370085,6.778782496085534,0.0
GBM (tuned + ensemble),hpo,cpu,2016-09,https://papers.nips.cc/paper_files/paper/2017/hash/6449f44a102fde848669bdd9eb6b76fa-Abstract.html,19.0,1388.9,39.4,40.9,31.558823529411764,0.640484429065744,0.15944981394652155,0.0,3051.8140357896395,23.19597311113395,0.0,22.0,1377.3,61.3,41.3,32.5921052631579,0.628328173374613,0.18187388521427464,0.0,2920.3429353990055,11.208824527891059,0.0,24.0,1370.2,55.6,49.0,33.61666666666667,0.6162745098039216,0.1759709281007809,0.0,2888.0418816963834,9.35890880425771,0.0,18.0,1435.4,129.8,82.5,28.75,0.6735294117647059,0.20400997438987628,0.0,3041.4718867838383,18.146008491516113,0.0,23.0,1539.4,94.9,77.7,28.53846153846154,0.6760180995475114,0.09390252870232023,0.0,3436.114175393031,58.23533050830547,0.0
CAT (tuned),hpo,cpu,2017-06,https://arxiv.org/abs/1706.09516,20.0,1385.8,44.3,40.8,31.823529411764707,0.6373702422145329,0.14939855622693538,0.0,11034.88285668691,0.1880358200447232,0.0,19.0,1383.7,63.7,52.0,32.026315789473685,0.634984520123839,0.16896823924527882,0.0,9163.262581887999,0.17947143629977574,0.0,23.0,1372.2,64.0,59.6,33.43333333333333,0.6184313725490196,0.1695551537095878,0.0,7681.903736082712,0.152593461672465,0.0,16.0,1461.2,178.9,88.4,26.75,0.6970588235294117,0.1667673100041202,0.0,14718.358253657818,0.28026384115219116,0.0,25.0,1497.0,92.1,66.2,31.23076923076923,0.644343891402715,0.09219486740408528,0.0,16505.7728907145,0.2130701725299541,0.0
TA-ILTM (tuned + ensemble),hpo,gpu,2025-11,https://arxiv.org/abs/2511.15941,21.0,1383.8,56.3,46.0,32.0,0.6352941176470588,0.15462057011393499,0.0,49850.45392826492,1073.8706286888496,0.0,18.0,1383.7,59.7,63.6,32.026315789473685,0.634984520123839,0.17610545096126018,0.0,48797.76559668466,1145.9119406373877,0.0,16.0,1402.7,76.1,71.5,30.733333333333334,0.6501960784313725,0.16598228930644587,0.0,50715.77546584606,1229.5832668701808,0.0,32.0,1337.1,123.1,94.7,36.875,0.5779411764705882,0.21406730716681396,0.0,41605.22858732939,832.1444672644138,0.0,28.0,1486.3,79.1,51.4,31.923076923076923,0.6361990950226244,0.09181861071406133,0.0,52927.54289749952,863.2883322238922,0.0
CAT (tuned + ensemble),hpo,cpu,2017-06,https://arxiv.org/abs/1706.09516,22.0,1383.2,57.4,37.4,32.049019607843135,0.634717416378316,0.1519596743950901,0.0,11034.88285668691,1.9415339067870496,0.0,21.0,1377.6,69.3,49.8,32.56578947368421,0.6286377708978328,0.17251499789554023,0.0,9163.262581887999,1.8343294984415959,0.0,27.0,1364.7,67.6,70.8,34.11666666666667,0.6103921568627451,0.17196562267177365,0.0,7681.903736082712,1.7353080749511718,0.0,15.0,1461.2,154.4,83.6,26.75,0.6970588235294117,0.17457515498466494,0.0,14718.358253657818,2.2056598365306854,0.0,24.0,1507.7,104.9,69.8,30.53846153846154,0.6524886877828054,0.09187488262454346,0.0,16505.7728907145,2.2549006388737607,0.0
TABDPT_GPU (tuned),hpo,gpu,2024-10,https://arxiv.org/abs/2410.18164,23.0,1375.3,66.6,53.4,32.73529411764706,0.626643598615917,0.15796751012495283,0.0,66416.46539208468,265.85550631728825,0.0,34.0,1319.8,68.4,68.5,37.828947368421055,0.56671826625387,0.19403787007802034,0.0,69641.0239701271,283.16819779496444,0.0,33.0,1326.4,74.7,71.2,37.65,0.5688235294117647,0.1809825324696678,0.0,77303.9942337672,315.28951704502106,0.0,36.0,1318.1,228.9,161.1,38.5,0.5588235294117647,0.2429953861093423,0.0,40904.88548147679,162.71325060725212,0.0,13.0,1736.4,150.2,76.0,17.846153846153847,0.8018099547511313,0.052531073339063136,0.0,56990.83262549914,215.24917738254254,0.0
CHIMERA (tuned + ensemble),hpo,cpu,2026-05-26,https://github.com/bbstats/chimeraboost,24.0,1363.7,55.9,52.8,33.754901960784316,0.6146482122260669,0.16518505696326738,0.0,2890.610516492058,5.987021979163675,0.0,23.0,1367.0,67.8,69.3,33.51315789473684,0.6174922600619195,0.18606488408798122,0.0,2838.386185062559,6.098829156474063,0.0,19.0,1388.1,88.0,73.0,32.016666666666666,0.6350980392156863,0.1728018840557289,0.0,2909.7896070718766,6.877976735432942,0.0,40.0,1310.8,120.0,137.6,39.125,0.5514705882352942,0.23580113420892734,0.0,2570.6233525276184,3.1770257353782654,0.0,33.0,1448.2,116.1,118.4,34.46153846153846,0.6063348416289592,0.1041517161371808,0.0,3043.266254516748,5.660200999333308,0.0
MNCA_GPU (tuned + ensemble),hpo,gpu,2024-07,https://arxiv.org/abs/2407.03257,25.0,1362.0,70.7,57.6,33.90196078431372,0.6129181084198385,0.16286402885974413,0.0,50606.46933756155,274.8289722134085,1.0,31.0,1331.3,89.0,78.7,36.76315789473684,0.5792569659442725,0.18857875128947646,0.0,56939.09770153698,351.628879396539,0.0,32.0,1336.0,87.9,91.0,36.75,0.5794117647058824,0.1801483415204359,0.0,61783.79102219741,416.30670386950175,0.0,31.0,1337.8,122.4,83.6,36.8125,0.5786764705882353,0.22019278792337854,0.0,38771.49774906039,109.08703762292862,0.0,21.0,1589.3,181.6,167.9,25.53846153846154,0.7113122171945702,0.08769791714206504,0.0,32095.7095044026,50.336935831950264,1.0
TA-TABM (tuned),hpo,gpu,2024-10,https://arxiv.org/abs/2410.24210,26.0,1361.4,58.2,51.0,33.96078431372549,0.6122260668973472,0.15773452045729883,0.0,23075.823507790472,0.9812663629943249,0.0,25.0,1363.0,92.9,57.8,33.86842105263158,0.613312693498452,0.18336694359133932,0.0,21231.65221075008,1.0407810022956447,0.0,30.0,1355.7,85.2,76.4,34.93333333333333,0.6007843137254902,0.1765078575751971,0.0,22866.344643473625,0.942830483118693,0.0,22.0,1421.3,198.2,130.4,29.875,0.6602941176470588,0.20908851615187268,0.0,15101.555588036776,1.4080954492092133,0.0,31.0,1451.6,121.1,92.7,34.23076923076923,0.609049773755656,0.08280897591164195,0.0,28466.478068370085,0.8073004942673904,0.0
TA-LIMIX (default),config,gpu,2025-09,https://arxiv.org/abs/2509.03505,27.0,1355.4,85.9,65.4,34.490196078431374,0.605997693194925,0.15513588934772837,0.0,271.9402349883435,51.95340867603527,1.0,17.0,1393.0,82.0,69.7,31.210526315789473,0.6445820433436532,0.1706165780235796,0.0,186.6959686216555,47.75772365770842,1.0,22.0,1374.1,96.4,89.8,33.266666666666666,0.6203921568627451,0.17839119940334774,0.0,205.14751702944437,54.28848799069723,1.0,13.0,1505.4,289.0,155.0,23.5,0.7352941176470589,0.14146174784944904,0.0,117.50266209244728,23.267357409000397,0.0,43.0,1310.6,194.8,205.8,44.07692307692308,0.49321266968325794,0.10988464552600942,0.0,521.1157828294314,64.21771872960605,0.0
XGB (tuned + ensemble),hpo,cpu,2014-03,https://arxiv.org/abs/1603.02754,28.0,1348.9,42.6,44.6,35.068627450980394,0.5991926182237601,0.16527859940671746,0.0,5938.998393348619,7.841493718764362,0.0,28.0,1354.7,63.5,62.9,34.61842105263158,0.6044891640866873,0.1872208832408429,0.0,5799.34833753109,5.967870285636501,0.0,29.0,1356.6,69.2,67.9,34.85,0.601764705882353,0.1811808749944764,0.0,5693.145612215996,5.521973752975464,0.0,27.0,1374.0,69.0,53.1,33.75,0.6147058823529412,0.2098709141647173,0.0,6197.608557462692,7.639982283115387,0.0,34.0,1419.9,58.3,48.7,36.38461538461539,0.583710407239819,0.10113961589158145,0.0,6347.206248815243,13.31823913867657,0.0
CHIMERA (tuned),hpo,cpu,2026-05-26,https://github.com/bbstats/chimeraboost,29.0,1341.5,57.5,57.0,35.73529411764706,0.5913494809688581,0.17036224348050902,0.0,2890.610516492058,0.5817884089899997,1.0,26.0,1358.5,71.6,64.3,34.276315789473685,0.6085139318885449,0.19057624302651915,0.0,2838.386185062559,0.41909648870166977,0.0,21.0,1376.5,93.2,87.2,33.05,0.6229411764705882,0.17864847383031074,0.0,2909.7896070718766,0.4677184581756591,0.0,37.0,1313.8,145.2,148.6,38.875,0.5544117647058824,0.23530537751230068,0.0,2570.6233525276184,0.23676410317420957,0.0,40.0,1368.1,126.0,149.5,40.0,0.5411764705882353,0.11127516788447946,0.0,3043.266254516748,1.0573494067558875,1.0
CAT (default),config,cpu,2017-06,https://arxiv.org/abs/1706.09516,30.0,1336.6,36.9,43.4,36.1764705882353,0.586159169550173,0.16560338718866496,0.0,103.6011841951632,0.1520293413424024,0.0,30.0,1346.5,50.9,51.7,35.36842105263158,0.5956656346749226,0.18386055107966892,0.0,119.02431101548045,0.17293601914456014,0.0,26.0,1365.2,62.0,48.7,34.06666666666667,0.6109803921568627,0.1714765998784418,0.0,58.484614141782124,0.143897008895874,0.0,42.0,1297.8,86.3,104.1,40.25,0.538235294117647,0.23030036808427057,0.0,346.04817429184914,0.2818323075771332,0.0,37.0,1388.9,104.8,102.8,38.53846153846154,0.5583710407239819,0.1122362927380379,0.0,58.51819810500512,0.0909175139207106,0.0
GBM (tuned),hpo,cpu,2016-09,https://papers.nips.cc/paper_files/paper/2017/hash/6449f44a102fde848669bdd9eb6b76fa-Abstract.html,31.0,1335.7,44.5,45.5,36.26470588235294,0.585121107266436,0.16811252472662702,0.0,3051.8140357896395,3.3178744736839745,0.0,32.0,1328.6,61.7,47.3,37.01315789473684,0.5763157894736842,0.1908630369287204,0.0,2920.3429353990055,1.8159009845633256,0.0,37.0,1311.1,56.6,55.7,39.083333333333336,0.5519607843137255,0.18716283094492456,0.0,2888.0418816963834,1.7184764385223388,0.0,19.0,1429.1,130.2,89.0,29.25,0.6676470588235294,0.20473880936795474,0.0,3041.4718867838383,2.1812430322170258,0.0,30.0,1453.9,116.2,95.9,34.07692307692308,0.6108597285067874,0.10161102752050802,0.0,3436.114175393031,7.708258518805871,0.0
MNCA_GPU (tuned),hpo,gpu,2024-07,https://arxiv.org/abs/2407.03257,32.0,1333.7,57.3,56.2,36.44117647058823,0.583044982698962,0.16766387503015018,0.0,50606.46933756155,14.969161491768032,0.0,29.0,1347.2,63.4,67.6,35.30263157894737,0.5964396284829722,0.18660909353230148,0.0,56939.09770153698,19.318985493559587,0.0,28.0,1358.3,82.8,72.9,34.7,0.6035294117647059,0.17676486170940373,0.0,61783.79102219741,22.029817318916322,0.0,34.0,1329.0,138.6,112.0,37.5625,0.5698529411764706,0.22352496286816817,0.0,38771.49774906039,9.153366148471832,0.0,39.0,1371.3,142.2,166.6,39.76923076923077,0.5438914027149321,0.11228554402386183,0.0,32095.7095044026,2.2542913326850305,0.0
TA-TABSWIFT (default),config,gpu,2026-06-05,https://github.com/LAMDA-Tabular/TabSwift,33.0,1330.7,66.7,50.9,36.71568627450981,0.5798154555940023,0.1682658257891972,0.0,19.78455920780406,1.278724707809149,0.0,35.0,1318.1,57.1,61.3,37.98684210526316,0.5648606811145511,0.19886679293247997,0.0,19.421543723658512,1.497777179667824,0.0,31.0,1350.8,89.0,73.7,35.38333333333333,0.5954901960784313,0.1773460420275601,0.0,18.936820832888284,1.7043508052825929,0.0,55.0,1210.4,125.2,128.8,47.75,0.45,0.2795696088259294,0.0,21.23925456404686,0.723126083612442,0.0,29.0,1470.0,185.4,130.4,33.0,0.6235294117647059,0.07881684490883224,0.0,20.84568139222952,0.6384174823760986,0.0
XGB (tuned),hpo,cpu,2014-03,https://arxiv.org/abs/1603.02754,34.0,1328.6,41.9,46.0,36.90196078431372,0.5776239907727797,0.16690504937042525,0.0,5938.998393348619,1.6265712625840132,0.0,33.0,1328.4,65.3,66.1,37.026315789473685,0.5761609907120743,0.18945687318007023,0.0,5799.34833753109,1.27206594065616,0.0,34.0,1324.4,74.6,74.0,37.833333333333336,0.5666666666666667,0.18456230515190203,0.0,5693.145612215996,1.2760614474614462,0.0,29.0,1371.0,83.3,66.1,34.0,0.611764705882353,0.20781150328570092,0.0,6197.608557462692,1.2570827901363373,0.0,35.0,1417.7,58.0,59.1,36.53846153846154,0.5819004524886878,0.10098433361915528,0.0,6347.206248815243,2.662817588219276,0.0
XRFM_GPU (tuned + ensemble),hpo,gpu,2025-08,https://arxiv.org/abs/2508.10053,35.0,1323.0,57.9,46.5,37.411764705882355,0.5716262975778547,0.16792819058325356,0.0,14022.497099048951,27.070390402102003,0.0,39.0,1301.9,69.0,54.4,39.5,0.5470588235294118,0.19590432937223232,0.0,16688.286808672703,33.76872197577828,0.0,42.0,1291.2,63.5,81.8,40.96666666666667,0.5298039215686274,0.18661557520293334,0.0,16991.679954560597,38.753826506932576,0.0,28.0,1371.0,222.5,187.0,34.0,0.611764705882353,0.23073715750710355,0.0,15550.562511593103,15.07457998394966,0.0,26.0,1495.8,132.7,99.8,31.307692307692307,0.6434389140271494,0.08615178489239267,0.0,6230.188717071826,7.490651955971351,0.0
TABPFNV2_GPU (tuned + ensemble),hpo,gpu,2025-01,https://www.nature.com/articles/s41586-024-08328-6,36.0,1313.5,67.6,68.5,38.28431372549019,0.561361014994233,0.17537951579887756,0.35294117647058826,9280.937638614692,101.0832102392234,0.0,36.0,1316.3,92.1,81.0,38.1578947368421,0.5628482972136223,0.20612275132676455,0.3157894736842105,10009.281363907614,114.13957280861705,0.0,40.0,1296.5,82.1,76.1,40.46666666666667,0.5356862745098039,0.20169739266365358,0.3333333333333333,11570.361415306726,134.84050192832947,0.0,21.0,1425.9,280.4,182.1,29.5,0.6647058823529411,0.2227178463134306,0.25,4155.231171160936,36.511088609695435,0.0,38.0,1387.2,204.8,147.1,38.65384615384615,0.5570135746606335,0.08551467348659249,0.46153846153846156,7151.932903143076,62.91845811330355,0.0
TA-ILTM (tuned),hpo,gpu,2025-11,https://arxiv.org/abs/2511.15941,37.0,1291.4,43.8,42.2,40.333333333333336,0.5372549019607843,0.17070533552885883,0.0,49850.45392826492,171.2311054865519,0.0,41.0,1298.0,53.3,52.1,39.86842105263158,0.5427244582043343,0.193358307754567,0.0,48797.76559668466,168.78216263494994,0.0,38.0,1309.9,55.5,52.4,39.2,0.5505882352941176,0.1834459334656126,0.0,50715.77546584606,161.32966318130494,0.0,47.0,1273.2,146.5,112.8,42.375,0.513235294117647,0.2305297113381461,0.0,41605.22858732939,196.7290355861187,0.0,41.0,1344.1,109.3,77.5,41.69230769230769,0.5212669683257919,0.10448895517678872,0.0,52927.54289749952,178.38955382200388,0.0
MITRA_GPU (default),config,gpu,2025-07,https://arxiv.org/abs/2510.21204,38.0,1290.7,53.0,65.3,40.3921568627451,0.5365628604382929,0.18293401293594566,0.35294117647058826,417.8125674724579,6.376229664858649,0.0,38.0,1304.4,84.4,72.4,39.26315789473684,0.5498452012383901,0.20918752288251866,0.3157894736842105,508.1057796854722,7.653559653382552,0.0,44.0,1286.9,98.1,77.6,41.38333333333333,0.5249019607843137,0.2035563103452887,0.3333333333333333,565.5180269400279,8.931526120503744,0.0,24.0,1403.5,196.8,159.6,31.3125,0.6433823529411765,0.23030456989713094,0.25,292.80985248088837,2.8611854016780853,0.0,42.0,1316.0,125.3,104.8,43.69230769230769,0.497737556561086,0.10619298386134773,0.46153846153846156,153.8785625421084,2.6424958522503195,0.0
CHIMERA (default),config,cpu,2026-05-26,https://github.com/bbstats/chimeraboost,39.0,1283.6,52.1,51.4,41.05882352941177,0.528719723183391,0.18394072731984457,0.0,14.347385135351443,0.4173607919730392,0.0,40.0,1298.3,66.4,74.1,39.8421052631579,0.5430340557275541,0.20564854021907214,0.0,13.792038371688442,0.42762383661772074,0.0,36.0,1313.1,84.0,66.7,38.9,0.5541176470588235,0.18910740500308523,0.0,14.265903782844543,0.4873336315155029,0.0,48.0,1261.6,198.7,218.8,43.375,0.5014705882352941,0.2676777972790232,0.0,12.015043079853058,0.20371210575103757,0.0,44.0,1303.1,101.9,112.1,44.61538461538461,0.48687782805429863,0.12048712038364076,0.0,15.970706444520216,0.3873611230116624,0.0
XRFM_GPU (tuned),hpo,gpu,2025-08,https://arxiv.org/abs/2508.10053,40.0,1280.4,53.8,44.9,41.35294117647059,0.5252595155709343,0.1800259045580226,0.0,14022.497099048951,2.329889568628049,1.0,47.0,1257.3,65.8,58.2,43.71052631578947,0.49752321981424147,0.21026272043647307,0.0,16688.286808672703,2.9471926626406217,1.0,46.0,1253.8,58.7,67.7,44.53333333333333,0.48784313725490197,0.2009126906173434,0.0,16991.679954560597,2.8218817790349324,0.0,43.0,1293.5,256.4,210.9,40.625,0.5338235294117647,0.24532533225820924,0.0,15550.562511593103,3.417108476161957,1.0,32.0,1448.2,96.7,63.6,34.46153846153846,0.6063348416289592,0.09164136583639818,0.0,6230.188717071826,0.5254651399759145,0.0
TABDPT_GPU (default),config,gpu,2024-10,https://arxiv.org/abs/2410.18164,41.0,1276.3,68.6,66.7,41.73529411764706,0.5207612456747405,0.18262597305307743,0.0,583.167813721825,268.76904352506,0.0,52.0,1212.2,71.4,63.6,47.96052631578947,0.4475232198142415,0.22322924389681423,0.0,613.469927398782,283.2420857956535,0.0,51.0,1218.3,68.2,88.4,47.916666666666664,0.44803921568627453,0.2095570170661732,0.0,686.9072714567185,315.34600994586947,0.0,57.0,1206.0,255.5,182.7,48.125,0.4455882352941177,0.27450009451171814,0.0,338.07988718152046,162.85237023234367,0.0,20.0,1624.5,179.8,78.5,23.53846153846154,0.7348416289592761,0.06393948904830836,0.0,494.59240451225867,226.4632276571714,0.0
TA-TABM (default),config,gpu,2024-10,https://arxiv.org/abs/2410.24210,42.0,1273.2,46.5,49.8,42.029411764705884,0.5173010380622838,0.1802318925103289,0.0,65.02894820419013,0.9653628713944379,0.0,43.0,1286.9,60.4,55.9,40.9078947368421,0.5304953560371517,0.2056609551555595,0.0,65.24467963293979,1.0502251951318038,0.0,43.0,1287.2,82.8,75.0,41.35,0.5252941176470588,0.19182294876354328,0.0,67.05051782131196,0.9405364195505778,0.0,41.0,1309.4,200.3,155.9,39.25,0.55,0.2575534791256203,0.0,58.47278642654419,1.4615581035614014,0.0,45.0,1293.4,88.2,82.1,45.30769230769231,0.47873303167420816,0.10590078631657797,0.0,64.39834864322955,0.7173037712390606,0.0
TABICL_GPU (default),config,gpu,2025-02,https://arxiv.org/abs/2502.05564,43.0,1270.9,56.5,59.7,42.23529411764706,0.514878892733564,0.18210173842187685,0.29411764705882354,89.99167278701184,15.994201370314055,0.0,27.0,1355.9,75.9,65.5,34.51315789473684,0.6057275541795666,0.18581523080347875,0.05263157894736842,117.48550770157262,21.35919719620755,0.0,20.0,1380.8,72.4,59.3,32.666666666666664,0.6274509803921569,0.16337458163240257,0.03333333333333333,139.7918772538503,25.834517804781594,0.0,46.0,1284.0,201.2,171.3,41.4375,0.524264705882353,0.2699676651950144,0.125,33.83662188053131,4.576744914054871,0.0,72.0,1000.0,54.0,98.6,64.8076923076923,0.2493212669683258,0.1712469145371944,1.0,9.625078421372633,0.3119058792407696,0.0
EBM (tuned + ensemble),hpo,cpu,2019-09,https://www.cs.cornell.edu/~yinlou/papers/lou-kdd13.pdf,44.0,1255.0,48.8,50.7,43.72549019607843,0.49734717416378316,0.19185407358159937,0.0,52874.45252688726,2.34197577308206,0.0,42.0,1298.0,51.1,48.5,39.86842105263158,0.5427244582043343,0.20505347200429277,0.0,62065.37720852777,2.282371608834518,0.0,39.0,1298.3,61.6,58.0,40.3,0.5376470588235294,0.19581719171109707,0.0,36363.41098268032,2.3467708110809324,0.0,35.0,1321.0,136.7,151.6,38.25,0.5617647058823529,0.2396895231037766,0.0,158447.75055545568,2.0408746004104614,0.0,59.0,1155.2,143.6,189.8,55.0,0.36470588235294116,0.15327121665372642,0.0,26008.672688245773,2.5162033301133375,0.0
TABPFNV2_GPU (tuned),hpo,gpu,2025-01,https://www.nature.com/articles/s41586-024-08328-6,45.0,1252.1,68.3,56.8,44.0,0.49411764705882355,0.1900057376168021,0.35294117647058826,9280.937638614692,4.082395156224568,0.0,45.0,1262.1,76.8,75.7,43.25,0.5029411764705882,0.22075938677281598,0.3157894736842105,10009.281363907614,4.116424629562779,0.0,47.0,1250.2,82.9,69.4,44.88333333333333,0.4837254901960784,0.21665032637614223,0.3333333333333333,11570.361415306726,4.732910664876302,0.0,33.0,1334.1,184.7,145.2,37.125,0.575,0.23616836326034246,0.25,4155.231171160936,1.80460199713707,0.0,46.0,1281.0,163.6,162.6,46.19230769230769,0.4683257918552036,0.10011045546845375,0.46153846153846156,7151.932903143076,3.9829243880051832,0.0
NN_TORCH (tuned + ensemble),hpo,cpu,2019-12,https://arxiv.org/abs/2003.06505,46.0,1247.7,47.4,53.9,44.411764705882355,0.4892733564013841,0.18097650360817866,0.0,29357.971773493522,13.246924213334626,0.0,44.0,1262.8,53.7,50.7,43.18421052631579,0.5037151702786378,0.203647423459806,0.0,24155.06064368549,16.430658089487178,0.0,45.0,1270.6,64.0,54.0,42.93333333333333,0.5066666666666667,0.190213179571471,0.0,25066.5624265035,19.995937490463255,0.0,50.0,1252.9,107.5,152.1,44.125,0.49264705882352944,0.25402583804106227,0.0,20736.928958117962,3.060860335826874,0.0,49.0,1255.6,85.6,102.2,48.0,0.4470588235294118,0.11470766096496024,0.0,44566.48122985546,3.9406251907348633,0.0
REALMLP_GPU (default),config,gpu,2024-07,https://arxiv.org/abs/2407.04491,47.0,1243.3,41.2,49.0,44.8235294117647,0.4844290657439446,0.18734607677804493,0.0,102.1361764272054,4.232743627884808,0.0,46.0,1257.3,60.6,50.0,43.71052631578947,0.49752321981424147,0.20990939194497954,0.0,109.19154576251381,4.27453645279533,0.0,41.0,1292.3,56.0,53.1,40.86666666666667,0.5309803921568628,0.18935923705582747,0.0,120.5035041252772,4.161822779973348,0.0,60.0,1129.6,128.9,138.9,54.375,0.3720588235294118,0.2869724727792998,0.0,66.77170190215111,4.697212725877762,0.0,50.0,1254.5,89.9,96.6,48.07692307692308,0.4461538461538462,0.12139177090546688,0.0,81.51278913938083,4.11057998583867,0.0
SAP-RPT-OSS (default),config,gpu,2025-06,https://arxiv.org/abs/2506.10707,48.0,1240.0,66.5,64.9,45.127450980392155,0.48085351787773933,0.19740389339423567,0.0,368.97079745460957,164.92526029605492,0.0,48.0,1249.9,62.7,95.4,44.4078947368421,0.4893188854489164,0.22500004774971438,0.0,439.9702278250142,196.87899610243346,0.0,50.0,1240.1,89.1,79.6,45.85,0.4723529411764706,0.22042573339489643,0.0,532.6968394438426,240.47165670394898,0.0,38.0,1312.3,221.8,257.4,39.0,0.5529411764705883,0.24215372658028167,0.0,92.24543425440788,33.40651884675026,0.0,47.0,1266.4,179.9,158.5,47.23076923076923,0.45610859728506786,0.1167382114320671,0.0,161.434000987273,71.52203255433302,0.0
BETA_GPU (default),config,gpu,2025-02,https://arxiv.org/abs/2502.02527,49.0,1237.5,61.5,52.5,45.36274509803921,0.47808535178777395,0.19817987059939846,0.2549019607843137,1320.6601685963426,7.102449641508215,0.0,37.0,1310.3,61.1,57.5,38.71052631578947,0.5563467492260062,0.2073937766206788,0.0,1769.1721731298849,9.42553040228392,0.0,35.0,1322.6,78.5,59.6,38.0,0.5647058823529412,0.1942604822391196,0.0,2011.51302382946,9.559173957506816,0.0,45.0,1284.8,149.3,144.8,41.375,0.525,0.2566436305515257,0.0,860.3939830064774,8.924367070198059,0.0,69.0,1000.0,54.0,98.6,64.8076923076923,0.2493212669683258,0.1712469145371944,1.0,9.625078421372633,0.3119058792407696,0.0
TABPFNV2_GPU (default),config,gpu,2025-01,https://www.nature.com/articles/s41586-024-08328-6,50.0,1222.8,63.1,74.2,46.73529411764706,0.4619377162629758,0.1945571866497437,0.35294117647058826,12.262318129632988,0.840339740117391,0.0,51.0,1236.8,80.4,77.7,45.64473684210526,0.47476780185758516,0.22301082568501265,0.3157894736842105,11.52735658068406,0.9154732164583708,0.0,53.0,1213.9,76.6,78.0,48.333333333333336,0.44313725490196076,0.22331629019661306,0.3333333333333333,11.889281527201335,1.0885666131973266,0.0,30.0,1352.5,194.7,138.4,35.5625,0.5933823529411765,0.2218653337665111,0.25,10.170138031244278,0.2663729786872863,0.0,52.0,1228.4,168.9,183.3,49.92307692307692,0.4244343891402715,0.11138501100818829,0.46153846153846156,14.410667272714468,0.6207188092745267,0.0
MNCA_GPU (default),config,gpu,2024-07,https://arxiv.org/abs/2407.03257,51.0,1216.3,58.9,47.9,47.34313725490196,0.4547866205305652,0.20749747109041003,0.0,245.15467273020278,8.083605813045128,1.0,57.0,1183.5,62.9,62.7,50.64473684210526,0.41594427244582044,0.23968962681026434,0.0,295.14466257471787,10.148893080259624,1.0,54.0,1203.5,62.8,66.8,49.31666666666667,0.4315686274509804,0.22157547482181914,0.0,339.7616389671961,10.8614825963974,1.0,61.0,1113.7,100.8,129.4,55.625,0.3573529411764706,0.30761769676693396,0.0,127.83100110292435,7.476682394742966,0.0,36.0,1401.0,89.0,81.5,37.69230769230769,0.5683257918552036,0.11339732360160498,0.0,99.03008703085092,2.04661226272583,0.0
EBM (tuned),hpo,cpu,2019-09,https://www.cs.cornell.edu/~yinlou/papers/lou-kdd13.pdf,52.0,1207.4,51.6,49.2,48.1764705882353,0.4449826989619377,0.20009656831421904,0.0,52874.45252688726,0.2535079133276846,0.0,49.0,1245.0,60.1,55.9,44.86842105263158,0.4839009287925697,0.21426155634704563,0.0,62065.37720852777,0.25070374262960327,0.0,49.0,1247.9,60.8,53.4,45.1,0.4811764705882353,0.20371745298993502,0.0,36363.41098268032,0.2757582585016886,0.0,49.0,1254.3,134.9,180.5,44.0,0.49411764705882355,0.2538019439362104,0.0,158447.75055545568,0.15674930810928342,0.0,62.0,1112.6,145.6,200.1,57.84615384615385,0.33122171945701356,0.15869121867980282,0.0,26008.672688245773,0.2617047199836144,0.0
XT (tuned + ensemble),hpo,cpu,2006,https://link.springer.com/article/10.1007/s10994-006-6226-1,53.0,1195.3,51.0,48.9,49.294117647058826,0.4318339100346021,0.20489752107846665,0.0,1429.3306673461316,2.111716391993504,0.0,56.0,1191.8,59.0,62.6,49.86842105263158,0.42507739938080497,0.22754515422269148,0.0,1420.4470345221068,2.1160426202573275,0.0,57.0,1166.7,63.7,66.4,52.75,0.3911764705882353,0.22326455195990913,0.0,1429.8115853230158,2.235964218775431,0.0,39.0,1311.6,211.7,167.8,39.0625,0.5522058823529412,0.24359741270812532,0.0,1385.3299690186977,1.6663366258144379,0.0,48.0,1261.0,96.4,101.0,47.61538461538461,0.4515837104072398,0.13869674727227105,0.0,1455.2982094471272,2.0990704939915585,0.0
EBM (default),config,cpu,2019-09,https://www.cs.cornell.edu/~yinlou/papers/lou-kdd13.pdf,54.0,1188.6,53.2,55.5,49.911764705882355,0.4245674740484429,0.20720451927467592,0.0,201.3862394398334,0.18454338522518376,1.0,50.0,1241.3,62.1,51.7,45.223684210526315,0.47972136222910217,0.2201257319804425,0.0,248.86588415974066,0.20535503563128013,1.0,48.0,1249.5,63.7,61.4,44.95,0.48294117647058826,0.209720660833197,0.0,191.16758822600048,0.20167160034179682,1.0,52.0,1228.1,126.1,161.0,46.25,0.4676470588235294,0.2591447487826132,0.0,465.2344939112663,0.2191679179668426,0.0,66.0,1020.5,121.1,187.0,63.61538461538461,0.26334841628959277,0.1694348205962814,0.0,62.599585643181435,0.12370933019197897,0.0
NN_TORCH (tuned),hpo,cpu,2019-12,https://arxiv.org/abs/2003.06505,55.0,1188.0,50.0,60.1,49.970588235294116,0.42387543252595156,0.19808225068160717,0.0,29357.971773493522,0.60710202478895,0.0,55.0,1199.3,72.4,64.9,49.171052631578945,0.43328173374613005,0.22450694610068375,0.0,24155.06064368549,0.7120582053535863,0.0,56.0,1198.6,76.7,63.8,49.78333333333333,0.426078431372549,0.21204872359963764,0.0,25066.5624265035,0.8357061862945556,0.0,54.0,1220.7,177.7,191.1,46.875,0.4602941176470588,0.2712252804796067,0.0,20736.928958117962,0.24837827682495112,0.0,55.0,1194.4,111.0,129.4,52.30769230769231,0.39638009049773754,0.12084083330276799,0.0,44566.48122985546,0.30030703544616694,0.0
XGB (default),config,cpu,2014-03,https://arxiv.org/abs/1603.02754,56.0,1183.4,51.8,54.7,50.3921568627451,0.41891580161476355,0.1981322222164475,0.0,13.003299437317194,0.6573358236574659,0.0,54.0,1200.6,62.6,68.5,49.05263157894737,0.4346749226006192,0.21935460540071422,0.0,13.091729760169983,0.5841734095623619,0.0,55.0,1203.0,75.7,72.7,49.36666666666667,0.43098039215686273,0.21282144441244677,0.0,13.365754477183025,0.5689676205317179,0.0,56.0,1208.9,91.3,93.4,47.875,0.4485294117647059,0.2438539591067171,0.0,12.064137071371078,0.6411951184272766,0.0,58.0,1165.4,107.3,124.3,54.30769230769231,0.3728506787330317,0.13609756367782178,0.0,12.744810801285963,0.8711951879354624,0.0
FASTAI (tuned + ensemble),hpo,cpu,2017-09,https://arxiv.org/abs/2003.06505,57.0,1168.9,65.4,67.4,51.71568627450981,0.40334486735870817,0.21399851412192525,0.0,6591.795950641819,16.245619264303468,0.0,53.0,1208.3,65.6,87.5,48.328947368421055,0.44318885448916406,0.23184337042323833,0.0,7277.4807652172285,19.036358243540715,0.0,52.0,1215.2,73.7,96.2,48.21666666666667,0.44450980392156864,0.21562368324685638,0.0,7408.853333028158,20.085110076268514,0.0,59.0,1198.5,178.0,189.6,48.75,0.43823529411764706,0.2926671973346707,0.0,6784.833635926247,15.103538870811462,0.0,64.0,1053.6,70.8,110.6,61.61538461538461,0.2868778280542986,0.16183662647193311,0.0,4587.4864926521595,8.088074555763832,0.0
XT (tuned),hpo,cpu,2006,https://link.springer.com/article/10.1007/s10994-006-6226-1,58.0,1166.8,57.5,64.0,51.911764705882355,0.401038062283737,0.2163314749201573,0.0,1429.3306673461316,0.19910509446088,0.0,59.0,1160.5,62.0,73.5,52.75,0.3911764705882353,0.24239296770139424,0.0,1420.4470345221068,0.19961982651760699,0.0,61.0,1143.8,69.2,84.9,54.833333333333336,0.36666666666666664,0.2344390996932513,0.0,1429.8115853230158,0.2037538369496663,0.0,51.0,1243.4,209.8,181.9,44.9375,0.48308823529411765,0.27221997273193027,0.0,1385.3299690186977,0.1841172873973846,0.0,51.0,1234.9,102.0,99.8,49.46153846153846,0.4298642533936652,0.14015172679038784,0.0,1455.2982094471272,0.19760049306429345,0.0
TA-NORI-30M (default),config,gpu,2026-07-21,https://huggingface.co/Synthefy/Nori-30M,59.0,1163.9,90.4,85.4,52.166666666666664,0.3980392156862745,0.2361748471379596,0.7450980392156863,24.19459312102374,3.7565807828716204,0.0,77.0,1000.0,63.1,84.9,65.98684210526316,0.23544891640866872,0.3036795444570855,1.0,4.080644030320017,0.13749531068299942,0.0,77.0,1000.0,76.4,95.3,66.56666666666666,0.22862745098039217,0.2825706904882605,1.0,3.698057786623637,0.14661488533020017,0.0,71.0,1000.0,90.0,197.2,63.8125,0.2610294117647059,0.3828377468401793,1.0,5.515342444181442,0.10329690575599666,0.0,8.0,1889.0,165.3,95.9,11.76923076923077,0.8733031674208145,0.03885342420513,0.0,82.98921354000385,14.335446009269127,0.0
RF (tuned + ensemble),hpo,cpu,2001-10,https://link.springer.com/article/10.1023/A:1010933404324,60.0,1160.2,53.2,56.1,52.509803921568626,0.394002306805075,0.2156808375440587,0.0,2227.1437476008546,2.46178646181144,0.0,58.0,1169.0,67.4,69.3,51.973684210526315,0.4003095975232198,0.2378075815677335,0.0,2283.87174061725,2.1008308561224687,0.0,62.0,1142.3,61.2,76.3,54.96666666666667,0.3650980392156863,0.2368168569528488,0.0,2392.1128436724343,2.1328755378723145,0.0,44.0,1292.0,208.2,218.2,40.75,0.5323529411764706,0.24152279887355108,0.0,1877.9676041603088,1.9806632995605469,0.0,57.0,1168.7,70.3,88.5,54.07692307692308,0.3755656108597285,0.15100266270562482,0.0,2061.32346032216,3.516887463056124,0.0
GBM (default),config,cpu,2016-09,https://papers.nips.cc/paper_files/paper/2017/hash/6449f44a102fde848669bdd9eb6b76fa-Abstract.html,61.0,1154.2,48.4,46.6,53.049019607843135,0.38765859284890425,0.20469611239200888,0.0,9.322186521455354,1.1440442029167623,0.0,60.0,1150.6,55.4,58.6,53.64473684210526,0.38065015479876163,0.23061885321392206,0.0,8.557482913920754,0.7352644769768966,0.0,63.0,1142.1,58.4,63.7,54.983333333333334,0.36490196078431375,0.22071172847873258,0.0,8.108755548795065,0.7944694280624389,0.0,58.0,1200.0,175.5,176.9,48.625,0.43970588235294117,0.2677705709708826,0.0,10.24021053314209,0.5132459104061127,0.0,53.0,1208.7,64.3,87.0,51.30769230769231,0.4081447963800905,0.12892194691257036,0.0,11.557473989633413,2.3389387864332933,0.0
TA-NORI (default),config,gpu,2026-06-12,https://github.com/Synthefy/synthefy-nori,62.0,1154.2,91.5,84.2,53.049019607843135,0.38765859284890425,0.23874817223572428,0.7450980392156863,13.800132695366354,1.582021297193041,0.0,74.0,1000.0,63.1,84.9,65.98684210526316,0.23544891640866872,0.3036795444570855,1.0,4.080644030320017,0.13749531068299942,0.0,76.0,1000.0,76.4,95.3,66.56666666666666,0.22862745098039217,0.2825706904882605,1.0,3.698057786623637,0.14661488533020017,0.0,70.0,1000.0,90.0,197.2,63.8125,0.2610294117647059,0.3828377468401793,1.0,5.515342444181442,0.10329690575599666,0.0,12.0,1796.4,165.3,98.2,15.23076923076923,0.832579185520362,0.048948776511745264,0.0,42.210945716271034,5.804481873145471,0.0
RF (tuned),hpo,cpu,2001-10,https://link.springer.com/article/10.1023/A:1010933404324,63.0,1122.4,46.3,46.6,55.872549019607845,0.3544405997693195,0.22313037808807784,0.0,2227.1437476008546,0.2597549288880591,0.0,63.0,1131.7,59.6,59.9,55.3421052631579,0.3606811145510836,0.2453197398287211,0.0,2283.87174061725,0.2262354587253771,0.0,66.0,1111.0,60.1,65.5,57.733333333333334,0.3325490196078431,0.2425143441338119,0.0,2392.1128436724343,0.22272477149963377,0.0,53.0,1226.6,201.6,197.6,46.375,0.4661764705882353,0.2558399736846307,0.0,1877.9676041603088,0.23940053582191465,0.0,61.0,1119.1,84.4,118.0,57.42307692307692,0.33619909502262446,0.15826916684619757,0.0,2061.32346032216,0.35773491859436035,0.0
FASTAI (tuned),hpo,cpu,2017-09,https://arxiv.org/abs/2003.06505,64.0,1104.8,63.9,74.7,57.3921568627451,0.336562860438293,0.22868423622828496,0.0,6591.795950641819,1.031626776152966,0.0,62.0,1133.4,69.6,77.5,55.18421052631579,0.3625386996904025,0.24990855874237644,0.0,7277.4807652172285,1.090680348245721,0.0,60.0,1144.2,77.8,95.9,54.8,0.36705882352941177,0.2344105380584067,0.0,7408.853333028158,1.0077738920847574,0.0,63.0,1100.7,142.6,179.1,56.625,0.34558823529411764,0.3080261363072629,0.0,6784.833635926247,1.4015795588493347,0.0,67.0,1016.5,87.6,118.1,63.84615384615385,0.26063348416289595,0.1666439088794023,0.0,4587.4864926521595,0.8590086423433744,0.0
TA-ILTM (default),config,gpu,2025-11,https://arxiv.org/abs/2511.15941,65.0,1081.6,51.1,68.7,59.34313725490196,0.3136101499423299,0.23884097747884708,0.0,1513.0692572079454,159.21624170565138,0.0,61.0,1136.0,70.6,70.5,54.96052631578947,0.3651702786377709,0.25315263649818137,0.0,1395.6967683277633,148.76669456456838,0.0,58.0,1164.1,89.4,79.3,52.983333333333334,0.3884313725490196,0.23818043499561573,0.0,1499.502961230278,147.34802865187328,0.0,65.0,1021.4,108.3,189.4,62.375,0.27794117647058825,0.3092983921328026,0.0,1006.4235449433327,154.086691737175,0.0,79.0,854.9,87.9,132.7,72.15384615384616,0.16289592760180996,0.19700689726848525,0.0,1856.1580708577083,189.76107181035556,0.0
PB (tuned + ensemble),hpo,cpu,2024-05,https://perpetual-ml.com/,66.0,1080.0,57.1,65.3,59.48039215686274,0.3119953863898501,0.27533194715153464,0.0,5226.060197222467,16.079361976361742,0.0,69.0,1058.6,74.6,82.2,61.526315789473685,0.28792569659442724,0.3190342722620418,0.0,6281.992301062533,19.85563743741889,0.0,67.0,1106.0,82.3,109.1,58.166666666666664,0.32745098039215687,0.2608217046824234,0.0,2988.063416949908,20.40870436032613,0.0,79.0,812.4,88.9,181.1,74.125,0.13970588235294118,0.5373314006856109,0.0,18634.22561648488,17.781636476516724,0.0,56.0,1177.1,83.1,114.0,53.5,0.38235294117647056,0.14758668913620604,0.0,2139.489432151501,5.041018320963933,0.0
TABSTAR (tuned),hpo,gpu,2025-05,https://arxiv.org/abs/2505.18125,67.0,1074.6,85.6,89.0,59.92156862745098,0.30680507497116494,0.26297163809644214,0.0,159605.1733577906,41.48959353390862,0.0,64.0,1117.3,89.5,95.9,56.60526315789474,0.3458204334365325,0.2683169410300482,0.0,151284.04913680177,45.16523371244732,0.0,59.0,1146.9,96.3,102.6,54.55,0.37,0.25036691244151743,0.0,163495.07978549003,48.602297735214236,0.0,72.0,992.4,159.5,269.6,64.3125,0.2551470588235294,0.3356295482370384,0.0,105492.68420422077,32.27624362707138,0.0,76.0,909.8,237.3,340.1,69.61538461538461,0.19276018099547512,0.24734690644436294,0.0,183928.45954221947,30.745414550487812,0.0
[Leakage] TabSTAR_base (default),config,gpu,,,68.0,1073.0,68.5,71.6,60.05882352941177,0.30519031141868513,0.25878583629809165,0.0,1490.7153631191627,58.33853039554521,0.0,66.0,1102.3,69.7,85.0,57.89473684210526,0.3306501547987616,0.2694357525143381,0.0,1458.4098778712123,63.81392401770542,0.0,65.0,1127.0,72.5,98.9,56.333333333333336,0.34901960784313724,0.251993632212156,0.0,1544.2954199790954,68.62336386839549,0.0,68.0,1000.9,117.5,146.2,63.75,0.26176470588235295,0.3348437036475209,0.0,1136.33909496665,45.778524577617645,0.0,73.0,971.9,223.7,245.4,66.38461538461539,0.23076923076923078,0.227655311973679,0.0,1585.146781536249,42.33353365384615,0.0
TABSTAR (tuned + ensemble),hpo,gpu,2025-05,https://arxiv.org/abs/2505.18125,69.0,1072.1,84.8,93.4,60.127450980392155,0.30438292964244523,0.26410875770899656,0.0,159605.1733577906,127.37209558019451,0.0,65.0,1106.8,90.4,98.8,57.51315789473684,0.3351393188854489,0.27045985989214527,0.0,151284.04913680177,119.47992348043542,0.0,64.0,1136.8,104.0,108.2,55.46666666666667,0.3592156862745098,0.25225103149297756,0.0,163495.07978549003,114.3131270011266,0.0,73.0,978.8,147.4,236.7,65.1875,0.24485294117647058,0.33874296638902435,0.0,105492.68420422077,138.85541027784348,0.0,75.0,946.1,244.5,338.1,67.76923076923077,0.21447963800904976,0.24554399748133093,0.0,183928.45954221947,150.44152171795184,0.0
TA-ORION-MSP (default),config,gpu,2025-11,https://arxiv.org/abs/2511.02818,70.0,1048.1,49.0,52.7,62.05882352941177,0.2816608996539792,0.24686695190874258,0.2549019607843137,260.40197305118335,48.29970676291223,0.0,68.0,1063.6,60.3,69.5,61.11842105263158,0.29272445820433435,0.2727369646937459,0.0,346.1940685824344,64.7165860125893,0.0,69.0,1085.4,70.4,85.5,59.916666666666664,0.30686274509803924,0.249755644848754,0.0,372.5638467311859,70.87527935504913,0.0,74.0,971.8,115.1,177.3,65.625,0.23970588235294119,0.3589169141124655,0.0,247.30740052461624,41.621485978364944,0.0,68.0,1000.0,54.0,98.6,64.8076923076923,0.2493212669683258,0.1712469145371944,1.0,9.625078421372633,0.3119058792407696,0.0
[Leakage] TabSTAR_correct (default),config,gpu,,,71.0,1044.7,66.0,92.5,62.3235294117647,0.27854671280276816,0.27513063284951955,0.0,1512.874836954416,58.0305299244675,0.0,67.0,1082.6,72.8,101.2,59.56578947368421,0.3109907120743034,0.28787518073890417,0.0,1439.6576379976775,63.61101876434527,0.0,68.0,1100.4,97.1,119.5,58.65,0.32176470588235295,0.27919045125724506,0.0,1521.2060496966044,68.48865668773651,0.0,67.0,1012.2,98.4,161.3,63.0,0.27058823529411763,0.32044291629512567,0.0,1133.8510941267014,45.31987655162811,0.0,77.0,893.8,95.6,180.8,70.38461538461539,0.18371040723981902,0.23787733901901073,0.0,1726.8943415971903,41.71833177713248,0.0
NN_TORCH (default),config,cpu,2019-12,https://arxiv.org/abs/2003.06505,72.0,1040.3,49.1,64.3,62.666666666666664,0.27450980392156865,0.24382832136966193,0.0,73.82550601865731,0.5703827493331012,0.0,70.0,1046.6,57.5,79.4,62.473684210526315,0.27678018575851393,0.2723477267297079,0.0,47.78759841542495,0.6881854220440513,0.0,72.0,1055.5,66.9,69.9,62.36666666666667,0.2780392156862745,0.25536172602515256,0.0,48.768245069185895,0.7600379387537638,0.0,66.0,1014.0,139.4,186.2,62.875,0.27205882352941174,0.3360452293717907,0.0,44.11017346382141,0.4187384843826294,0.0,65.0,1026.9,85.7,142.1,63.23076923076923,0.2678733031674208,0.16046390570183514,0.0,149.93631285887497,0.2260364752549391,0.0
PB (tuned),hpo,cpu,2024-05,https://perpetual-ml.com/,73.0,1034.7,53.9,60.0,63.09803921568628,0.26943483275663205,0.2884049595348836,0.0,5226.060197222467,5.5724157305324775,0.0,72.0,1007.6,66.6,90.8,65.4342105263158,0.24195046439628484,0.3341141851284887,0.0,6281.992301062533,7.06072839937712,0.0,71.0,1055.5,67.9,97.3,62.36666666666667,0.2780392156862745,0.27016342558857165,0.0,2988.063416949908,7.17722274462382,0.0,83.0,741.9,96.1,178.4,76.9375,0.10661764705882353,0.5739295334031776,0.0,18634.22561648488,6.623874604701996,0.0,60.0,1136.4,68.5,111.5,56.26923076923077,0.3497737556561086,0.1547933770304993,0.0,2139.489432151501,1.2219633139096773,0.0
XRFM_GPU (default),config,gpu,2025-08,https://arxiv.org/abs/2508.10053,74.0,1028.9,64.5,75.1,63.549019607843135,0.26412918108419836,0.27247054838221274,0.0,43.17065006143906,3.806738212996838,0.0,79.0,975.8,79.2,87.8,67.6842105263158,0.2154798761609907,0.31498463649217096,0.0,47.977339493600944,4.535712706415277,0.0,83.0,935.6,85.4,105.6,70.83333333333333,0.1784313725490196,0.3131239382047067,0.0,52.280686831474306,4.749988094965617,0.0,62.0,1110.5,176.0,251.7,55.875,0.35441176470588237,0.3219622550701619,0.0,31.83978697657585,3.7321799993515015,0.0,54.0,1206.5,130.3,145.5,51.46153846153846,0.4063348416289593,0.14819859852233488,0.0,29.120327105888954,1.6758896937737098,0.0
XT (default),config,cpu,2006,https://link.springer.com/article/10.1007/s10994-006-6226-1,75.0,1004.1,64.2,70.4,65.3921568627451,0.24244521337946945,0.26799881525429664,0.0,11.472845844194001,0.7438222987979066,0.0,78.0,984.9,80.8,94.5,67.05263157894737,0.22291021671826625,0.30381226588570254,0.0,9.081802154842176,0.7252910325401708,0.0,78.0,995.8,89.4,114.2,66.86666666666666,0.22509803921568627,0.28008585559138294,0.0,9.19324312210083,0.7435471534729003,0.0,75.0,936.8,122.2,201.0,67.75,0.21470588235294116,0.3927863044894012,0.0,8.663898527622223,0.6568305790424347,0.0,63.0,1070.8,94.5,125.0,60.53846153846154,0.2995475113122172,0.16331334417787943,0.0,18.46205047460703,0.7979906155512884,0.0
RF (default),config,cpu,2001-10,https://link.springer.com/article/10.1023/A:1010933404324,76.0,1000.0,57.9,59.2,65.68627450980392,0.23898500576701268,0.2699222074186819,0.0,5.493931228039312,0.181952906589882,0.0,75.0,1000.0,63.1,84.9,65.98684210526316,0.23544891640866872,0.3036795444570855,0.0,4.080644030320017,0.13749531068299942,0.0,75.0,1000.0,76.4,95.3,66.56666666666666,0.22862745098039217,0.2825706904882605,0.0,3.698057786623637,0.14661488533020017,0.0,69.0,1000.0,90.0,197.2,63.8125,0.2610294117647059,0.3828377468401793,0.0,5.515342444181442,0.10329690575599666,0.0,71.0,1000.0,54.0,98.6,64.8076923076923,0.2493212669683258,0.1712469145371944,0.0,9.625078421372633,0.3119058792407696,0.0
TABFLEX_GPU (default),config,gpu,2025-06,https://arxiv.org/abs/2506.05584,77.0,980.7,71.4,77.5,67.04901960784314,0.2229527104959631,0.29073233957796357,0.2549019607843137,8.42787161060408,0.6632513859692741,0.0,80.0,973.8,75.8,115.0,67.8157894736842,0.21393188854489165,0.33160893235506883,0.0,8.018300859551681,0.7834485330079731,0.0,74.0,1011.1,96.9,120.1,65.76666666666667,0.2380392156862745,0.3036009777887161,0.0,7.647510631879171,0.7900475899378459,0.0,82.0,779.7,116.9,243.2,75.5,0.12352941176470589,0.43663876197889173,0.0,9.408764213323593,0.7587020695209503,0.0,70.0,1000.0,54.0,98.6,64.8076923076923,0.2493212669683258,0.1712469145371944,1.0,9.625078421372633,0.3119058792407696,0.0
FASTAI (default),config,cpu,2017-09,https://arxiv.org/abs/2003.06505,78.0,980.0,60.4,73.3,67.09803921568627,0.2223760092272203,0.2651469839479224,0.0,27.62558492492227,1.0500701642503925,0.0,73.0,1003.1,66.4,68.4,65.76315789473684,0.23808049535603715,0.28554840404716575,0.0,30.567647507316188,1.0886577556007786,0.0,73.0,1020.5,67.5,94.6,65.06666666666666,0.24627450980392157,0.26109935375908877,0.0,30.746722372372947,1.170029838879903,0.0,76.0,926.0,138.5,239.8,68.375,0.2073529411764706,0.37723234262745464,0.0,29.896116763353348,0.7835124433040619,0.0,78.0,880.7,88.1,148.0,71.0,0.17647058823529413,0.20551206365782645,0.0,19.02570968407851,0.9372756664569561,0.0
TABSTAR (default),config,gpu,2025-05,https://arxiv.org/abs/2505.18125,79.0,974.0,103.1,114.2,67.50980392156863,0.21753171856978085,0.31823325521583695,0.0,2131.1752908744065,51.58516402805553,1.0,71.0,1017.8,108.4,121.2,64.6842105263158,0.25077399380804954,0.3318658989172947,0.0,2149.235812444436,58.57104012213255,1.0,70.0,1059.6,115.3,144.1,62.03333333333333,0.2819607843137255,0.301318567779367,0.0,2268.1534415165584,63.17248384952545,1.0,80.0,800.8,105.7,250.3,74.625,0.1338235294117647,0.4464183906845234,0.0,1703.294703423977,41.31562614440918,0.0,81.0,762.0,262.6,346.2,75.76923076923077,0.12036199095022625,0.278383989011576,0.0,2078.38299705432,31.164910829984226,0.0
KNN (tuned + ensemble),hpo,cpu,1951,https://scikit-learn.org/stable/modules/neighbors.html,80.0,970.6,59.9,84.1,67.73529411764706,0.214878892733564,0.2850087201236052,0.0,7479.34973449333,300.71385903451954,0.0,76.0,1000.0,68.7,100.4,65.98684210526316,0.23544891640866872,0.3074460493102777,0.0,8993.579512614953,399.2450664106168,0.0,79.0,994.6,57.2,87.3,66.95,0.22411764705882353,0.2801668628141581,0.0,10955.007892775535,501.8776347955068,0.0,64.0,1021.4,287.7,366.2,62.375,0.27794117647058825,0.40974299867072606,0.0,1638.2230870127678,14.372934967279434,0.0,80.0,838.7,122.8,169.3,72.84615384615384,0.15475113122171946,0.2194226809625626,0.0,3053.139613830126,12.699560550542978,0.0
PB (default),config,cpu,2024-05,https://perpetual-ml.com/,81.0,942.1,60.7,83.9,69.59803921568627,0.19296424452133795,0.33798500630687894,0.0,767.2502326310849,0.5092810182010427,0.0,83.0,936.3,87.7,116.0,70.25,0.18529411764705883,0.3896585222745148,0.0,967.3671145941082,0.6432883739471436,0.0,80.0,980.9,80.4,118.6,67.9,0.21294117647058824,0.32631565834482684,0.0,377.32881018320717,0.4555264711380005,0.0,85.0,676.5,114.2,341.2,79.0625,0.08161764705882353,0.6271942620108447,0.0,3180.0107561349873,1.34739550948143,0.0,74.0,947.6,104.5,164.5,67.6923076923077,0.2153846153846154,0.18693934424763575,0.0,182.29319304686325,0.11756720909705523,0.0
LR (tuned + ensemble),hpo,cpu,1958,https://scikit-learn.org/stable/modules/linear_model.html,82.0,902.0,77.1,100.6,72.0,0.16470588235294117,0.3496804089514244,0.0,1273.2449920598199,1.4999811555825027,0.0,81.0,966.6,85.5,103.9,68.30263157894737,0.20820433436532507,0.3411955267391226,0.0,1375.2623338260148,1.7403750545100163,0.0,81.0,979.5,94.1,117.3,68.0,0.21176470588235294,0.31487417809256785,0.0,1303.3937757730484,1.9442285855611166,0.0,77.0,907.1,82.0,230.5,69.4375,0.1948529411764706,0.43990058416370287,0.0,1644.7694265246391,0.9759243130683899,0.0,84.0,449.7,108.0,393.2,82.8076923076923,0.03755656108597285,0.3744823723412297,0.0,975.0404545894036,0.797291297179002,0.0
LR (tuned),hpo,cpu,1958,https://scikit-learn.org/stable/modules/linear_model.html,83.0,880.4,83.5,111.8,73.18627450980392,0.15074971164936563,0.35502205483209104,0.0,1273.2449920598199,0.3585918884651333,0.0,82.0,945.8,87.9,108.7,69.65789473684211,0.19226006191950465,0.34774344583380135,0.0,1375.2623338260148,0.4336510833941008,0.0,82.0,958.2,93.7,122.1,69.41666666666667,0.19509803921568628,0.3206937846550237,0.0,1303.3937757730484,0.496861704190572,0.0,78.0,886.2,82.5,239.1,70.5625,0.18161764705882352,0.4491796752542177,0.0,1644.7694265246391,0.19661125540733335,0.0,85.0,394.2,119.9,542.5,83.5,0.029411764705882353,0.37629798882709153,0.0,975.0404545894036,0.13918808790353623,0.0
KNN (tuned),hpo,cpu,1951,https://scikit-learn.org/stable/modules/neighbors.html,84.0,824.1,68.1,92.5,75.94117647058823,0.11833910034602076,0.34217001044682016,0.0,7479.34973449333,29.79767501120474,0.0,85.0,842.0,90.8,110.4,75.36842105263158,0.12507739938080495,0.37703026326393324,0.0,8993.579512614953,39.686601174505135,0.0,85.0,848.3,47.1,80.5,75.53333333333333,0.12313725490196079,0.33815256337755084,0.0,10955.007892775535,49.95884948571523,0.0,81.0,797.9,315.2,518.1,74.75,0.1323529411764706,0.5228216378378674,0.0,1638.2230870127678,1.16567000746727,0.0,82.0,703.9,88.9,149.9,77.61538461538461,0.09864253393665158,0.24027080990448976,0.0,3053.139613830126,0.891583149249737,0.0
LR (default),config,cpu,1958,https://scikit-learn.org/stable/modules/linear_model.html,85.0,821.0,76.7,103.7,76.07843137254902,0.11672433679354094,0.3798654054026091,0.0,6.458335193933225,0.44977833710464776,0.0,84.0,887.0,77.0,101.2,73.10526315789474,0.15170278637770898,0.372852129003746,0.0,7.11378830985019,0.52793540452656,0.0,84.0,919.4,85.9,107.1,71.8,0.16705882352941176,0.33723361787883893,0.0,6.711167033513387,0.6109660387039184,0.0,84.0,710.9,88.5,271.8,78.0,0.09411764705882353,0.5064215457221475,0.0,8.623618096113205,0.21657052636146543,0.0,86.0,258.5,134.0,476.1,84.76923076923077,0.014479638009049774,0.400365751799286,0.0,4.54239531663748,0.2213192169482891,0.0
KNN (default),config,cpu,1951,https://scikit-learn.org/stable/modules/neighbors.html,86.0,611.3,74.9,105.8,82.52941176470588,0.04083044982698962,0.4633530930389565,0.0,2.5689965322905897,0.6719373347712498,0.0,86.0,560.6,104.3,134.0,83.47368421052632,0.029721362229102165,0.5173564630665837,0.0,2.913053694524263,0.7401255369186401,0.0,86.0,606.9,97.0,162.6,82.93333333333334,0.03607843137254902,0.4628150396596934,0.0,2.4038267691930133,0.8061688899993896,0.0,86.0,182.3,113.6,2496.3,85.5,0.0058823529411764705,0.7218868008424223,0.0,4.822654664516449,0.49246296286582947,0.0,83.0,620.7,133.3,226.9,79.76923076923077,0.07330316742081448,0.3054970883428155,0.0,1.5632909811460054,0.47261797464810884,0.0
[Leakage] TabSTAR_wrong (default),config,gpu,,,,,,,,,,,,,,,,,,,,,,,,,,,,,,,,,,,,,,,,,,,,,,,,,,,,,,,,,
