method,elo,elo+,elo-,rank,winrate,improvability,improvability+,improvability-,mrr,rank=1_count,rank=2_count,rank=3_count,rank>3_count,time_train_s,time_infer_s,time_train_s_per_1K,time_infer_s_per_1K,normalized-error,normalized-error-task,imputed,median_rank,median_improvability,median_loss_rescaled,median_metric_error,median_time_train_s,median_time_infer_s,median_time_train_s_per_1K,median_time_infer_s_per_1K,median_normalized-error,median_normalized-error-task,median_imputed,method_type,method_subtype,config_type,ta_name,ta_suite
TabFM+,1824.1,123.2,115.7,6.882352941176471,0.9316005471956225,0.05423025650131386,0.03611654341454757,0.022110446802501987,0.447516529994973,13.0,11.0,5.0,22.0,164.31137041952096,147.13470867100884,43.26538287347224,13.619666282992126,0.2056543132174629,0.2056543132174629,0.0,3.0,0.007662079243926034,0.0077085209273869745,0.19299145299145293,95.23527240753174,25.915400743484497,19.965008370162266,7.697430915901501,0.08265133595241343,0.08265133595241343,0.0,baseline,,,TabFM+,tabarena-2026-07-07
"AutoGluon 1.6 (noncommercial, 4h)",1819.0,110.5,70.6,7.029411764705882,0.929890560875513,0.06555112764249024,0.03480067125876336,0.02403883442797962,0.31837636471503744,7.5,5.5,3.0,35.0,160.06974758353888,7.174068436903112,20.074099923973648,1.3628941085706892,0.2600396999983207,0.2600396999983207,0.0,4.5,0.024776952938771357,0.016149975205142674,0.1987760114198903,45.43097519874573,1.9480476379394531,15.642206467388776,0.7395232389421027,0.19856463074852593,0.19856463074852593,0.0,baseline,,,AutoGluon_16_noncommercial,tabarena-2026-08-05
TABFM (default),1785.5,126.1,112.1,8.058823529411764,0.9179206566347469,0.0583847852687587,0.03286134892686909,0.022531625005263095,0.3824031689143251,9.0,12.0,3.0,27.0,612.7116171285218,138.3528288859947,50.35760449880157,12.390211441798375,0.24242863367021245,0.24242863367021245,0.0,4.0,0.014842650953227454,0.014246189382306092,0.1973717948717948,146.18406867980957,22.544095039367676,40.79265625990497,6.9905568693959435,0.1757608459671717,0.1757608459671717,0.0,config,default,TABFM,TabFM,tabarena-2026-07-13
"AutoGluon 1.6 (extreme, 4h)",1747.2,103.4,63.0,9.392156862745098,0.9024167806657547,0.07380669143347278,0.03662830037099819,0.025113536183633635,0.20648060340642974,2.5,4.5,3.0,41.0,139.3104708849215,6.108352712556427,15.716280207546857,1.2259265414630525,0.31223225304138974,0.31223225304138974,0.0,7.0,0.03543033638984927,0.02029018267202046,0.20161272747085102,37.27479672431946,1.5669355392456055,12.353877782821655,0.6471776204504919,0.2953993554568521,0.2953993554568521,0.0,baseline,,,AutoGluon_16_extreme,tabarena-2026-08-05
TA-EXAONE-TABULAR (default),1735.0,94.9,65.2,9.852941176470589,0.8970588235294118,0.08020549732274627,0.04440478587368976,0.026933956095564836,0.24483882211254424,5.0,1.0,8.0,37.0,74.97070063796698,11.027849384382659,9.758216749078304,1.604249014261804,0.2954994982017368,0.2954994982017368,0.0,7.0,0.024681012964647975,0.02401286403430432,0.198931623931624,18.829861164093018,1.517972707748413,6.17219816468856,0.6229814973849696,0.2307524298286741,0.2307524298286741,0.0,config,default,TA-EXAONE-TABULAR,EXAONE-Tabular,tabarena-2026-08-06
"AutoGluon 1.5 (extreme, 4h)",1638.2,95.2,83.2,14.196078431372548,0.8465572275421797,0.08635853385383396,0.03769127391969436,0.027603552467716737,0.15595170201801445,2.0,1.0,3.0,45.0,3757.809341313792,27.448745423672246,407.70511586507274,6.065983769697468,0.419059646169178,0.419059646169178,0.0,11.0,0.04833760611400606,0.035671140937567486,0.2040318186771275,2405.3948366642,12.49562931060791,293.64903006487026,4.357901796836971,0.3478069934676355,0.3478069934676355,0.0,baseline,,,AutoGluon_v150_eq_4h8c,tabarena-2025-12-18
TA-TABPFN-3 (default),1631.6,85.2,61.5,14.53921568627451,0.8425672594619243,0.09820594065000585,0.050582352629335,0.028904227078737882,0.12817077260593635,0.0,1.0,5.0,45.0,26.429065942764282,2.422183957754397,7.844421994799172,0.45653571100077806,0.435976188683084,0.435976188683084,0.0,11.0,0.05252985435217805,0.05340492521337836,0.19955585805915732,17.227367639541626,0.584958553314209,3.587723779678345,0.3949105739593506,0.3845074707745841,0.3845074707745841,0.0,config,default,TA-TABPFN-3,TabPFN-3,tabarena-2026-07-13
TABPFN-V2.6 (default),1597.5,77.0,58.0,16.41176470588235,0.8207934336525308,0.11204638376147265,0.049076294371687215,0.03544481243547108,0.09134845721933882,0.0,1.0,0.0,50.0,108.05620168237125,9.114482117634193,9.031708365364647,0.941405240483239,0.4778021700570217,0.4778021700570217,0.0,15.0,0.04786348501664839,0.05452923333579345,0.20460934946060805,15.053860425949097,1.0080111026763916,5.7520413761816656,0.6004352740642735,0.46120638921856094,0.46120638921856094,0.0,config,default,TABPFN-V2.6,TabPFN-v2.6,tabarena-2026-03-18
REALTABPFN-V2.5 (tuned + ensemble),1588.5,84.9,62.2,16.931372549019606,0.8147514819881441,0.10152975850065593,0.04545292749431276,0.03757486549636385,0.11138528693548569,1.0,0.0,0.0,50.0,18809.621657745512,197.2438130799462,2784.3808301143945,23.46753077576068,0.4884120727019205,0.4884120727019205,0.0,15.0,0.052677582774984355,0.04305673764927563,0.20309345139166002,7003.692138433456,18.11799669265747,2059.944379267618,9.78536531329155,0.4705190114305083,0.4705190114305083,0.0,hpo,tuned_ensemble,REALTABPFN-V2.5,RealTabPFN-v2.5,tabarena-2025-11-12
TABICLV2 (default),1549.6,76.8,70.1,19.333333333333332,0.7868217054263565,0.11678621039529317,0.049754277367328806,0.03359289512996011,0.0937527042798738,0.0,1.0,1.0,49.0,16.794721318226234,1.663248015385048,3.950924431595039,0.3769233548908771,0.5126236499681421,0.5126236499681421,0.0,13.0,0.06837336576183517,0.05520223700312572,0.2035559817136176,7.507569313049316,0.3558478355407715,1.9632436902389914,0.14638646135052433,0.43414634146341546,0.43414634146341546,0.0,config,default,TABICLV2,TabICLv2,tabarena-2026-07-13
REALTABPFN-V2.5 (tuned),1536.8,71.2,58.4,20.176470588235293,0.7770177838577291,0.12010070738397294,0.04933704913477849,0.03728281594120253,0.07661931662716395,0.0,0.0,1.0,50.0,18809.621657745512,15.114562034606934,2784.3808301143945,1.9769492476347876,0.538510936020569,0.538510936020569,0.0,18.0,0.06451859357600043,0.06336201442490218,0.20208129018197674,7003.692138433456,2.1717143058776855,2059.944379267618,1.029697246849537,0.5646593261315361,0.5646593261315361,0.0,hpo,tuned,REALTABPFN-V2.5,RealTabPFN-v2.5,tabarena-2025-11-12
"AutoGluon 1.4 (best, 4h)",1518.0,55.6,57.8,21.45098039215686,0.7621979024167806,0.12853163129895906,0.06022684472637824,0.038515847144209886,0.07648796137139692,0.0,0.0,1.0,50.0,8869.150215434092,33.83229374418072,3295.4929115010227,3.960746185815356,0.5839337649919617,0.5839337649919617,0.0,19.0,0.06776143336811724,0.06225063569517116,0.20817076928292333,8486.794112443924,3.824972152709961,1754.9423931818928,1.7661869259858216,0.5732383094553821,0.5732383094553821,0.0,baseline,,,AutoGluon_v140_bq_4h8c,tabarena-2025-11-01
REALTABPFN-V2.5 (default),1518.0,62.5,46.1,21.45098039215686,0.7621979024167806,0.1222475698829365,0.05500676513784264,0.0367985732501315,0.06883775220090457,0.0,0.0,0.0,51.0,70.0432244235394,11.347493774750653,8.36502172509046,1.364670112124064,0.5796660407294487,0.5796660407294487,0.0,17.0,0.06742554328864236,0.06057035303049461,0.2057535142203335,15.982524156570435,1.6060802936553955,5.715304781276978,0.6105561478439298,0.5673067464143068,0.5673067464143068,0.0,config,default,REALTABPFN-V2.5,RealTabPFN-v2.5,tabarena-2025-11-12
REALMLP_GPU (tuned + ensemble),1481.6,55.3,41.7,24.07843137254902,0.7316461468308254,0.1371343523733129,0.06015668960014367,0.0410963102171822,0.059399791502795125,0.0,0.0,1.0,50.0,31981.760602137623,33.809967508503036,4087.0784307689237,27.881733387117617,0.6232681472587306,0.6232681472587306,0.0,23.0,0.0821951393925775,0.06671048307591255,0.20747863247863252,12240.538945436478,27.119624614715576,2791.968339925578,13.886056212604348,0.6324069093357036,0.6324069093357036,0.0,hpo,tuned_ensemble,REALMLP_GPU,RealMLP_GPU,tabarena-2025-09-03
TABDPT_GPU (tuned + ensemble),1419.4,65.5,55.3,29.0,0.6744186046511628,0.1471607148940501,0.04995821412635715,0.03942565013756415,0.08478074786920366,1.0,1.0,1.0,48.0,66416.46539208468,2971.300943636427,7210.567655214153,367.37741176890614,0.6614199205108164,0.6614199205108164,0.0,28.0,0.08760035682426259,0.080603610293645,0.20926228615015796,32023.2285656929,688.745902299881,6155.037720286846,386.15846800552595,0.6678850534003874,0.6678850534003874,0.0,hpo,tuned_ensemble,TABDPT_GPU,TabDPT_GPU,tabarena-2025-10-20
REALMLP_GPU (tuned),1412.2,48.8,58.4,29.598039215686274,0.6674646602827178,0.14980737879419792,0.06194012979309141,0.04289598215644254,0.053681661980220174,0.0,0.0,0.0,51.0,31981.760602137623,1.8869580848544252,4087.0784307689237,2.031590406538843,0.6865830548641775,0.6865830548641775,0.0,29.0,0.08748856892722068,0.07509417342903286,0.20329059829059826,12240.538945436478,0.9054093360900879,2791.968339925578,0.3727607920690236,0.7115833693241017,0.7115833693241017,0.0,hpo,tuned,REALMLP_GPU,RealMLP_GPU,tabarena-2025-09-03
TABDPT_TURBO (default),1409.9,54.0,44.5,29.794117647058822,0.6651846785225718,0.1532619054222757,0.05075088829509486,0.04146812394197391,0.051878416747455205,0.0,0.0,0.0,51.0,16.529033459869087,1.7968704840716194,4.748939747668472,0.22879669545383166,0.684513819182337,0.684513819182337,0.0,26.0,0.08358870316904232,0.06660337552742746,0.20728691953457662,10.46004033088684,0.31279826164245605,2.0183513985425856,0.18293855083150673,0.7137404580152682,0.7137404580152682,0.0,config,default,TABDPT_TURBO,TabDPT-Turbo,tabarena-2026-07-13
TA-TABM (tuned + ensemble),1396.2,65.1,45.4,30.96078431372549,0.6516187870497036,0.15361792103282693,0.0570384683701389,0.03659910046366506,0.062210158138657594,1.0,0.0,0.0,50.0,23075.823507790472,8.627874407113767,3532.70221350754,4.925289242429074,0.7117861433164907,0.7117861433164907,0.0,28.0,0.10021893518736713,0.07766057452615409,0.20634941205031576,6753.3103930950165,4.197698354721069,2462.0152230262756,1.988117539845753,0.7417790141950215,0.7417790141950215,0.0,hpo,tuned_ensemble,TA-TABM,TabM,tabarena-2026-06-26
GBM (tuned + ensemble),1388.1,39.5,40.5,31.65686274509804,0.6435248518011856,0.16169734716795242,0.06300316778525888,0.04320451187149946,0.03840028052438279,0.0,0.0,0.0,51.0,3051.8140357896395,23.19597311113395,765.8082409622898,3.89267210112575,0.772878118443221,0.772878118443221,0.0,32.0,0.1091835115876314,0.08713463241806936,0.20939999846752688,1670.2684843540192,3.933397054672241,416.62818478752655,2.2357814013957977,0.8212109567985868,0.8212109567985868,0.0,hpo,tuned_ensemble,GBM,LightGBM,tabarena-2025-06-12
CAT (tuned),1384.8,44.2,41.2,31.941176470588236,0.640218878248974,0.15172436659739372,0.061449547765398294,0.042898867583847394,0.05122706002882165,0.0,1.0,0.0,50.0,11034.88285668691,0.18803582004472322,2838.763825208389,0.08505863824819457,0.7465805070709982,0.7465805070709982,0.0,34.0,0.08490270255142796,0.0702586247448085,0.20989674614165066,4557.130522012711,0.09642744064331055,1347.318981955663,0.03670197522308066,0.8349650349650302,0.8349650349650302,0.0,hpo,tuned,CAT,CatBoost,tabarena-2026-07-13
TA-ILTM (tuned + ensemble),1382.6,56.4,45.7,32.13725490196079,0.6379388964888281,0.15723272086725537,0.05752979816698364,0.03969572492966672,0.04375549175082156,0.0,0.0,0.0,51.0,49850.45392826492,1073.8706286888496,18939.401532662003,1131.808067472039,0.7509116263413731,0.7509116263413731,0.0,31.0,0.09630676798020688,0.0818833146403715,0.2107526091515579,54253.49664258957,967.0605816841125,12741.093915793572,397.8816919075777,0.7929921103090612,0.7929921103090612,0.0,hpo,tuned_ensemble,TA-ILTM,iLTM,tabarena-2026-05-13
CAT (tuned + ensemble),1382.2,58.4,37.4,32.166666666666664,0.6375968992248062,0.15428662025586634,0.061328361874213255,0.04148245076803399,0.04315313180912844,0.0,0.0,0.0,51.0,11034.88285668691,1.9415339067870496,2838.763825208389,0.7256938112470551,0.7573262893044168,0.7573262893044168,0.0,33.0,0.0827720736938452,0.0750514001519295,0.2102262278592465,4557.130522012711,0.8425314426422119,1347.318981955663,0.36419302225112915,0.8411185058253069,0.8411185058253069,0.0,hpo,tuned_ensemble,CAT,CatBoost,tabarena-2026-07-13
TABDPT_GPU (tuned),1373.3,66.1,53.6,32.950980392156865,0.6284769721842225,0.16047422950549478,0.05169636532497715,0.04144427543364651,0.05097601727600624,0.0,0.0,0.0,51.0,66416.46539208468,265.85550631728825,7210.567655214153,38.32571653209541,0.7089319749435308,0.7089319749435308,0.0,29.0,0.09569325110755256,0.07277918778729901,0.20907611840351592,32023.2285656929,57.323230028152466,6155.037720286846,39.45151534080505,0.7818462766072036,0.7818462766072036,0.0,hpo,tuned,TABDPT_GPU,TabDPT_GPU,tabarena-2025-10-20
CHIMERA (tuned + ensemble),1362.7,55.9,53.2,33.8921568627451,0.6175330597355221,0.16746278660053254,0.07171517208593567,0.046762955314354135,0.05170062262128541,0.0,1.0,0.0,50.0,2890.610516492058,5.987021979163675,1150.2055051629088,0.9390829833285855,0.7638346852571476,0.7638346852571476,0.0,36.0,0.0934048349768708,0.0808630817678605,0.21035196687370605,2245.643702507019,1.085916519165039,518.4647612375757,0.5218088032004838,0.8416447474367966,0.8416447474367966,0.0,hpo,tuned_ensemble,CHIMERA,ChimeraBoost,tabarena-2026-08-10
MNCA_GPU (tuned + ensemble),1360.6,71.7,58.3,34.07843137254902,0.6153670770633834,0.16516895309901775,0.058041824802412906,0.042296795023262154,0.06099628621066097,1.0,0.0,0.0,50.0,50606.46933756155,274.8289722134085,6202.203617271756,33.485812316978034,0.7225938705205147,0.7225938705205147,0.0,29.0,0.1002093534052485,0.07621117947921793,0.20689504347115373,14787.927460432053,13.568246603012085,4618.502341732761,7.734500125465747,0.740523566029344,0.740523566029344,0.0,hpo,tuned_ensemble,MNCA_GPU,ModernNCA_GPU,tabarena-2025-06-12
TA-TABM (tuned),1360.2,58.6,51.1,34.11764705882353,0.6149110807113544,0.160083595162992,0.06033202562312942,0.039462464420562254,0.04854563625101292,0.0,0.0,1.0,50.0,23075.823507790472,0.9812663629943249,3532.70221350754,0.5683722772080194,0.7450340671128748,0.7450340671128748,0.0,32.0,0.1110960869350136,0.0875103303957094,0.20692308076319021,6753.3103930950165,0.40485572814941406,2462.0152230262756,0.2313083311953629,0.7868150684931278,0.7868150684931278,0.0,hpo,tuned,TA-TABM,TabM,tabarena-2026-06-26
TA-LIMIX (default),1353.6,85.5,64.8,34.705882352941174,0.6080711354309165,0.15775402904167526,0.049806490893701816,0.044672457463668824,0.0795760308681344,1.0,1.0,0.0,49.0,271.9402349883435,51.95340867603527,56.62423143114976,11.395806497195503,0.7200294790163883,0.7200294790163883,0.0,27.0,0.09791171056297887,0.08911423007185425,0.2093712542225128,82.7022213935852,9.385300397872925,27.325463414930336,6.109529595042384,0.7981660302080551,0.7981660302080551,0.0,config,default,TA-LIMIX,LimiX,tabarena-2026-05-13
XGB (tuned + ensemble),1348.1,44.3,44.5,35.205882352941174,0.6022571819425444,0.16744795562449247,0.06226623976265683,0.04258017586785556,0.036343475580077056,0.0,0.0,0.0,51.0,5938.998393348619,7.841493718764362,1213.3163052310745,3.0989261817010374,0.8086197601213221,0.8086197601213221,0.0,35.0,0.09658424392725218,0.10657993636512514,0.20932552259654813,2063.2708826065063,2.946662425994873,700.9607998746845,1.4381002715497562,0.8717027423312004,0.8717027423312004,0.0,hpo,tuned_ensemble,XGB,XGBoost,tabarena-2025-06-12
CHIMERA (tuned),1341.0,57.6,57.1,35.85294117647059,0.594733242134063,0.1726199007855719,0.07200732537128904,0.0489467573583592,0.0626882431049498,1.0,0.0,1.0,49.0,2890.610516492058,0.5817884089899998,1150.2055051629088,0.08884505774600714,0.7776673112939511,0.7776673112939511,0.0,36.0,0.0956889605157133,0.08457106932693804,0.2121367521367521,2245.643702507019,0.09977912902832031,518.4647612375757,0.04521038266424518,0.8823269240004109,0.8823269240004109,0.0,hpo,tuned,CHIMERA,ChimeraBoost,tabarena-2026-08-10
CAT (default),1335.9,35.6,43.5,36.31372549019608,0.5893752849977201,0.16790143857661832,0.06852487494166831,0.04264186155246638,0.03815075291971203,0.0,0.0,1.0,50.0,103.6011841951632,0.15202934134240245,52.28975731533162,0.07970607598731966,0.8049777471531495,0.8049777471531495,0.0,34.0,0.09198543214426436,0.08144257117334332,0.2092404925356871,16.578909873962402,0.05088019371032715,5.805220015613909,0.024788761138916014,0.8583082297187903,0.8583082297187903,0.0,config,default,CAT,CatBoost,tabarena-2026-07-13
GBM (tuned),1335.2,45.9,44.8,36.38235294117647,0.5885772913816689,0.17021176165423854,0.06197048514027004,0.044700673086179143,0.032970827622050024,0.0,0.0,0.0,51.0,3051.8140357896395,3.3178744736839745,765.8082409622898,0.6785869099597016,0.8167007871272994,0.8167007871272994,0.0,35.0,0.11532588876363281,0.0991346259174066,0.20978825401159662,1670.2684843540192,0.7316880226135254,416.62818478752655,0.3811195826851199,0.8842400487762336,0.8842400487762336,0.0,hpo,tuned,GBM,LightGBM,tabarena-2025-06-12
MNCA_GPU (tuned),1333.0,57.8,56.0,36.57843137254902,0.586297309621523,0.1699997526240228,0.05741152418362064,0.04561096928421432,0.04023489256181446,0.0,0.0,0.0,51.0,50606.46933756155,14.969161491768032,6202.203617271756,1.669322546628637,0.7793866345398863,0.7793866345398863,0.0,34.0,0.10175193277367556,0.09245276964436491,0.20446769096654682,14787.927460432053,0.6251811981201172,4618.502341732761,0.46952933073043823,0.8334538382906559,0.8334538382906559,0.0,hpo,tuned,MNCA_GPU,ModernNCA_GPU,tabarena-2025-06-12
TA-TABSWIFT (default),1328.5,67.3,51.1,36.990196078431374,0.5815093479252166,0.17083829964162345,0.05937309508706118,0.03950918790101099,0.03957476982663479,0.0,0.0,0.0,51.0,19.78455920780406,1.278724707809149,4.8156390997470115,0.10047828181487667,0.7903370406425623,0.7903370406425623,0.0,36.0,0.11286750514114352,0.10418373863360235,0.20855432292087517,5.0883283615112305,0.17104506492614746,1.1859471422766672,0.06957077285618458,0.8452269857825015,0.8452269857825015,0.0,config,default,TA-TABSWIFT,TabSwift,tabarena-2026-07-13
XGB (tuned),1328.0,42.3,45.9,37.03921568627451,0.5809393524851801,0.1690499120381931,0.061297784822625545,0.04371272661639308,0.04101705371603635,0.0,1.0,0.0,50.0,5938.998393348619,1.6265712625840132,1213.3163052310745,0.698054007863544,0.8263916963035692,0.8263916963035692,0.0,37.0,0.11216921548647374,0.09777122617777795,0.20927136360385667,2063.2708826065063,0.5078930854797363,700.9607998746845,0.2127694573631899,0.9075170942032152,0.9075170942032152,0.0,hpo,tuned,XGB,XGBoost,tabarena-2025-06-12
XRFM_GPU (tuned + ensemble),1321.2,58.3,47.0,37.666666666666664,0.5736434108527132,0.17036533873113185,0.06331750937408137,0.04638391692058759,0.04155212900612815,0.0,1.0,0.0,50.0,14022.497099048951,27.070390402102003,1406.561756989208,4.732018848323726,0.783956679115603,0.783956679115603,0.0,33.0,0.10419926525614087,0.1041295204362952,0.20968345101227884,2211.918614625931,4.1532275676727295,866.1169883185313,2.0069414377212524,0.8321995464852633,0.8321995464852633,0.0,hpo,tuned_ensemble,XRFM_GPU,xRFM_GPU,tabarena-2025-09-03
TABPFNV2_GPU (tuned + ensemble),1311.8,67.8,68.5,38.53921568627451,0.5634974920200638,0.17765071396681403,0.05757456965789837,0.04784233603895549,0.04563020751098195,0.0,0.0,0.0,51.0,9280.937638614692,101.0832102392234,2836.5315057319253,48.195264406141796,0.7464520475668787,0.7464520475668787,0.35294117647058826,35.0,0.10100212291445176,0.11027457927369384,0.21666389261196228,1926.0209152698517,7.814479351043701,2943.3924917131662,17.365016988925518,0.871647963688488,0.871647963688488,0.0,hpo,tuned_ensemble,TABPFNV2_GPU,TabPFNv2_GPU,tabarena-2025-06-12
TA-ILTM (tuned),1291.1,43.8,41.8,40.470588235294116,0.5410396716826266,0.1733008503249949,0.05658920379791263,0.04000154783491311,0.030596384982913064,0.0,0.0,0.0,51.0,49850.45392826492,171.2311054865519,18939.401532662003,229.91135528287822,0.8561971562170454,0.8561971562170454,0.0,42.0,0.10558944136817328,0.10014130812359245,0.21051301510832732,54253.49664258957,121.1443555355072,12741.093915793572,60.10085108668305,0.964437315284652,0.964437315284652,0.0,hpo,tuned,TA-ILTM,iLTM,tabarena-2026-05-13
MITRA_GPU (default),1289.2,52.8,64.9,40.64705882352941,0.5389876880984952,0.1853115786356772,0.05850580218273832,0.04414244491612221,0.041802952737920195,0.0,0.0,1.0,50.0,417.8125674724579,6.376229664858649,123.07940532784106,3.1849498588377285,0.7960932617921012,0.7960932617921012,0.35294117647058826,40.0,0.13281455220749794,0.12227009813796817,0.2272898224746004,77.5374767780304,0.9704930782318115,87.35746758825638,2.432162346648348,0.9473992580103315,0.9473992580103315,0.0,config,default,MITRA_GPU,Mitra_GPU,tabarena-2025-09-03
CHIMERA (default),1282.4,53.7,51.0,41.294117647058826,0.5314637482900136,0.186126467048523,0.07336981620460867,0.04731187033210063,0.038606135357154646,0.0,0.0,1.0,50.0,14.347385135351443,0.4173607919730392,5.8401526271144375,0.07679269898943925,0.8264121053014812,0.8264121053014812,0.0,42.0,0.10058666130673377,0.09882323168417152,0.20860003589702147,11.435768127441406,0.1045839786529541,2.538410960774762,0.04996058681851744,0.9710393118980267,0.9710393118980267,0.0,config,default,CHIMERA,ChimeraBoost,tabarena-2026-08-10
XRFM_GPU (tuned),1279.2,53.5,45.0,41.588235294117645,0.5280437756497948,0.1825918476184625,0.06508993484379644,0.04619368465080423,0.047618154899526026,1.0,0.0,0.0,50.0,14022.497099048951,2.329889568628049,1406.561756989208,0.2649491271438143,0.8443197475520994,0.8443197475520994,0.0,42.0,0.1230396327961214,0.1112868530937618,0.21295479316671043,2211.918614625931,0.10966825485229492,866.1169883185313,0.09700742740075566,0.9570172071693069,0.9570172071693069,0.0,hpo,tuned,XRFM_GPU,xRFM_GPU,tabarena-2025-09-03
TABDPT_GPU (default),1274.4,69.0,67.1,42.049019607843135,0.5226858185134519,0.18506637499589804,0.05686273197368549,0.042808144677163706,0.039452111670778896,0.0,0.0,0.0,51.0,583.167813721825,268.76904352506,46.99302913298208,42.026423937944756,0.7946875631713751,0.7946875631713751,0.0,41.0,0.11121872477804662,0.10611111111111222,0.2109085410496047,262.5377552509308,105.11247444152832,45.41610881339672,39.404911507607515,0.9354366395772454,0.9354366395772454,0.0,config,default,TABDPT_GPU,TabDPT_GPU,tabarena-2025-10-20
TA-TABM (default),1272.5,47.1,50.2,42.22549019607843,0.5206338349293206,0.1825735484925376,0.06543093587757043,0.04264031336617441,0.03396203739501338,0.0,0.0,0.0,51.0,65.02894820419013,0.9653628713944379,12.725535761037357,0.5465033488529132,0.8437068034578667,0.8437068034578667,0.0,42.0,0.10495327661439802,0.09835632198791032,0.2120300751879699,19.638857126235962,0.3668477535247803,7.805060016481502,0.2369687802609225,0.9761618098535555,0.9761618098535555,0.0,config,default,TA-TABM,TabM,tabarena-2026-06-26
TABICL_GPU (default),1269.9,56.4,60.2,42.470588235294116,0.5177838577291382,0.18475456273686297,0.05037190194398039,0.045850680860297366,0.043281320233724954,0.0,0.0,2.0,49.0,89.99167278701184,15.994201370314055,7.673104193287245,1.7319044900729845,0.8245105643267464,0.8245105643267464,0.29411764705882354,42.0,0.1094830068070054,0.11227155873325707,0.2089949379627024,19.30116367340088,1.4308764934539795,6.856698312130071,1.5195481526734036,0.9823930431048422,0.9823930431048422,0.0,config,default,TABICL_GPU,TabICL_GPU,tabarena-2025-06-12
EBM (tuned + ensemble),1254.4,49.0,50.5,43.94117647058823,0.5006839945280438,0.19439346103884864,0.07189128360356095,0.05187369222866292,0.030294074937959596,0.0,0.0,0.0,51.0,52874.45252688726,2.34197577308206,14019.90900467862,0.9345767231489502,0.8738311577056317,0.8738311577056317,0.0,48.0,0.12415973967985938,0.11102916684921393,0.21296720061022123,3882.65318107605,0.3923764228820801,1877.6824729228317,0.13965064361109666,1.0,1.0,0.0,hpo,tuned_ensemble,EBM,ExplainableBM,tabarena-2026-07-13
TABPFNV2_GPU (tuned),1250.7,68.3,56.1,44.294117647058826,0.49658002735978113,0.19227168097546574,0.058931240772946675,0.045166959250147354,0.035049228660059245,0.0,0.0,0.0,51.0,9280.937638614692,4.082395156224568,2836.5315057319253,1.9947555562006891,0.8226707013644672,0.8226707013644672,0.35294117647058826,50.0,0.12492053401144276,0.12227009813796817,0.22794871794871796,1926.0209152698517,0.3721911907196045,2943.3924917131662,0.2619314172957417,1.0,1.0,0.0,hpo,tuned,TABPFNV2_GPU,TabPFNv2_GPU,tabarena-2025-06-12
NN_TORCH (tuned + ensemble),1247.8,47.2,54.3,44.568627450980394,0.49338805289557686,0.18317347886972216,0.06602045027929573,0.047218293647932674,0.026629452531782477,0.0,0.0,0.0,51.0,29357.971773493522,13.246924213334626,3695.047548553409,3.449133243784533,0.8779579766900607,0.8779579766900607,0.0,45.0,0.10090636577190826,0.10439259502683779,0.2137517707311758,10620.000384569168,3.6842262744903564,2832.926208982787,1.800873875617981,1.0,1.0,0.0,hpo,tuned_ensemble,NN_TORCH,NeuralNetTorch,tabarena-2025-06-12
REALMLP_GPU (default),1242.6,40.5,48.9,45.05882352941177,0.48768809849521205,0.18983096971554092,0.062226788941109834,0.04547985237756694,0.028566441618723907,0.0,0.0,0.0,51.0,102.1361764272054,4.232743627884808,14.839839205722386,4.080205728674661,0.9010069219699354,0.9010069219699354,0.0,47.0,0.1314613180515748,0.12354188332231962,0.2103846153846154,50.43063545227051,3.636448621749878,10.443531274795534,1.714346009462618,1.0,1.0,0.0,config,default,REALMLP_GPU,RealMLP_GPU,tabarena-2025-09-03
SAP-RPT-OSS (default),1238.8,66.3,64.2,45.42156862745098,0.4834701322389421,0.19996818530956886,0.08379748529187506,0.05161179934658694,0.04220428102040184,0.0,1.0,0.0,50.0,368.97079745460957,164.92526029605492,22.3468034298531,10.989534989630988,0.8396223537768283,0.8396223537768283,0.0,51.0,0.13151169419185715,0.11869281950484656,0.21191281899820846,32.63795757293701,6.255738019943237,13.957656281335014,2.080574737587556,1.0,1.0,0.0,config,default,SAP-RPT-OSS,SAP-RPT-OSS,tabarena-2025-11-25
BETA_GPU (default),1236.9,61.6,51.0,45.59803921568628,0.48141814865481075,0.20043162440589,0.06927677170573851,0.05583323067996521,0.03062824407028983,0.0,0.0,0.0,51.0,1320.6601685963426,7.102449641508215,225.53498242379698,2.1957586686297246,0.8508062381733551,0.8508062381733551,0.2549019607843137,51.0,0.13717074309597976,0.12343966712898653,0.20819570099499296,470.0780863761902,2.2111573219299316,202.99939039458118,1.1550205733112757,1.0,1.0,0.0,config,default,BETA_GPU,BetaTabPFN_GPU,tabarena-2025-09-03
TABPFNV2_GPU (default),1221.4,62.4,74.1,47.068627450980394,0.4643182854537164,0.19691032345080373,0.06588856162404388,0.04738030818895311,0.04183212502412361,0.0,1.0,0.0,50.0,12.262318129632988,0.840339740117391,4.402487897916245,0.4476957107715114,0.8444382894917437,0.8444382894917437,0.35294117647058826,49.5,0.1402042711234921,0.16194482967372786,0.22782051282051285,9.203422546386719,0.3870081901550293,3.265853212171214,0.315018795225388,1.0,1.0,0.0,config,default,TABPFNV2_GPU,TabPFNv2_GPU,tabarena-2025-06-12
MNCA_GPU (default),1216.4,58.3,47.7,47.53921568627451,0.4588463292293662,0.20981120323975003,0.06121389703902566,0.053856823567632495,0.04605343095860727,1.0,0.0,0.0,50.0,245.15467273020278,8.083605813045128,18.527492172330746,1.1277594962302973,0.8997527517681125,0.8997527517681125,0.0,48.0,0.12353694726078579,0.1404239024269496,0.2129734180930276,40.294944524765015,0.5322227478027344,13.741832082594875,0.31576028319217697,1.0,1.0,0.0,config,default,MNCA_GPU,ModernNCA_GPU,tabarena-2025-06-12
EBM (tuned),1207.4,50.7,48.6,48.3921568627451,0.4489284085727314,0.20259266130897693,0.0721653793919119,0.05420611299976755,0.026719389053810643,0.0,0.0,0.0,51.0,52874.45252688726,0.2535079133276846,14019.90900467862,0.07735674931522718,0.9063121566573452,0.9063121566573452,0.0,49.0,0.13536432160803968,0.13328853046594982,0.21322872398387271,3882.65318107605,0.03539562225341797,1877.6824729228317,0.013962268829345703,1.0,1.0,0.0,hpo,tuned,EBM,ExplainableBM,tabarena-2026-07-13
XT (tuned + ensemble),1194.6,51.8,47.5,49.588235294117645,0.43502051983584133,0.20727062635834528,0.053896803505182306,0.051910501658245733,0.027827356398238384,0.0,0.0,0.5,50.5,1429.3306673461316,2.111716391993504,670.4077574629857,1.207567432769921,0.9135235026023052,0.9135235026023052,0.0,51.0,0.15410235639382341,0.15919362400375106,0.21269374175134736,1227.2852249145508,1.7344141006469727,257.6385593164769,0.8460764957563526,1.0,1.0,0.0,hpo,tuned_ensemble,XT,ExtraTrees,tabarena-2026-07-13
NN_TORCH (tuned),1188.5,49.6,60.2,50.166666666666664,0.42829457364341084,0.20023391962026874,0.0671983043544033,0.04678294582930398,0.02614485878108136,0.0,0.0,0.0,51.0,29357.971773493522,0.60710202478895,3695.047548553409,0.18499297409008758,0.907033785300202,0.907033785300202,0.0,49.0,0.1310745635518218,0.12951242802918597,0.21109146565727777,10620.000384569168,0.22349023818969727,2832.926208982787,0.11152923107147217,1.0,1.0,0.0,hpo,tuned,NN_TORCH,NeuralNetTorch,tabarena-2025-06-12
EBM (default),1188.3,52.0,55.7,50.18627450980392,0.42806657546739624,0.2097161731209545,0.07629133500747273,0.0554403100679145,0.04200346035535229,1.0,0.0,0.0,50.0,201.3862394398334,0.18454338522518382,38.08545731797137,0.0667994694405469,0.9071598524431306,0.9071598524431306,0.0,51.0,0.1479830876471261,0.13791930412445086,0.21025754487592074,14.545249700546265,0.047446489334106445,6.9024058688393035,0.014850139617919922,1.0,1.0,0.0,config,default,EBM,ExplainableBM,tabarena-2026-07-13
XGB (default),1183.3,52.1,54.6,50.64705882352941,0.42270861833105333,0.2000567251045505,0.061358794255133714,0.04475097071679823,0.031559787839627526,0.0,1.0,0.0,50.0,13.003299437317194,0.6573358236574659,3.277058620392009,0.306127635443619,0.9194994198179868,0.9194994198179868,0.0,49.0,0.13810871452571283,0.15504966564024028,0.21745863756596343,6.575343370437622,0.39388179779052734,2.059264147815584,0.12183857766160212,1.0,1.0,0.0,config,default,XGB,XGBoost,tabarena-2025-06-12
FASTAI (tuned + ensemble),1168.7,65.0,66.7,52.009803921568626,0.4068627450980392,0.21651780573877447,0.06619181689954948,0.04201785310516784,0.0245909048691343,0.0,0.0,0.0,51.0,6591.795950641819,16.245619264303468,1342.6583955721599,7.486192598441844,0.9244169330847138,0.9244169330847138,0.0,58.0,0.16502192982456143,0.14371096635551595,0.22664938543111787,3142.961499929428,10.290910243988037,594.9528585230638,4.648952579498291,1.0,1.0,0.0,hpo,tuned_ensemble,FASTAI,NeuralNetFastAI,tabarena-2025-06-12
XT (tuned),1166.1,56.9,63.7,52.245098039215684,0.40412676698586414,0.21866480375277975,0.06190958010805514,0.055551229252965545,0.02691168922893712,0.0,0.0,0.5,50.5,1429.3306673461316,0.19910509446088007,670.4077574629857,0.15914724186477322,0.9326917501236838,0.9326917501236838,0.0,54.0,0.16123253349541267,0.1587321474155363,0.21359758161812437,1227.2852249145508,0.19906854629516602,257.6385593164769,0.06779141737763737,1.0,1.0,0.0,hpo,tuned,XT,ExtraTrees,tabarena-2026-07-13
TA-NORI-30M (default),1161.7,89.1,84.8,52.64705882352941,0.399452804377565,0.23841003191816135,0.06871834274118721,0.052238443898500186,0.04542408375360689,0.0,0.0,1.0,50.0,24.19459312102374,3.7565807828716204,4.199077636348185,0.8907296331200851,0.8258147413962865,0.8258147413962865,0.7450980392156863,63.5,0.15485352787844997,0.1760543976686953,0.23701012383964215,2.08131742477417,0.1266164779663086,0.5286672115325928,0.0774082328592028,1.0,1.0,1.0,config,default,TA-NORI-30M,Nori-30M,tabarena-2026-07-13
RF (tuned + ensemble),1160.5,54.0,54.5,52.76470588235294,0.39808481532147744,0.21771377089834776,0.05455604520119778,0.054872577586611015,0.022531442424148385,0.0,0.0,0.0,51.0,2227.1437476008546,2.46178646181144,529.0363028754298,1.2207459973834376,0.9286063632428357,0.9286063632428357,0.0,54.0,0.15060286526449862,0.15576193868694924,0.2165086629617522,876.37784075737,1.7210140228271484,377.142115259619,0.7469116354623846,1.0,1.0,0.0,hpo,tuned_ensemble,RF,RandomForest,tabarena-2025-06-12
GBM (default),1154.8,47.8,46.2,53.28431372549019,0.39204286365709073,0.20683185932263407,0.06180328284754452,0.04356556859269051,0.021413350023876312,0.0,0.0,0.0,51.0,9.322186521455354,1.1440442029167623,3.1999218796516997,0.31463873511017804,0.9358364961114068,0.9358364961114068,0.0,53.0,0.14615442417398927,0.14807982716277232,0.21882938874249858,6.97411584854126,0.6232860088348389,2.2021467310523017,0.17114277689525664,1.0,1.0,0.0,config,default,GBM,LightGBM,tabarena-2025-06-12
TA-NORI (default),1152.1,90.7,83.6,53.529411764705884,0.38919288645690836,0.24098341097920156,0.06951292224930439,0.0522664527681016,0.038962385662727715,0.0,0.0,1.0,50.0,13.800132695366354,1.582021297193041,3.432468893279215,0.5104589684247363,0.8430775550473203,0.8430775550473203,0.7450980392156863,63.5,0.15485352787844997,0.22566704416760744,0.23701012383964215,2.08131742477417,0.1266164779663086,0.5286672115325928,0.0774082328592028,1.0,1.0,1.0,config,default,TA-NORI,Nori,tabarena-2026-07-13
RF (tuned),1123.1,45.8,46.4,56.14705882352941,0.3587551299589603,0.22516485413359816,0.054394115828676926,0.05379318680361814,0.019878520860156602,0.0,0.0,0.0,51.0,2227.1437476008546,0.2597549288880591,529.0363028754298,0.14411838795084292,0.9594992030095709,0.9594992030095709,0.0,57.0,0.15070743735969028,0.1753896661221589,0.21762013729977114,876.37784075737,0.15849757194519043,377.142115259619,0.09141294871228287,1.0,1.0,0.0,hpo,tuned,RF,RandomForest,tabarena-2025-06-12
FASTAI (tuned),1105.0,63.9,73.2,57.745098039215684,0.3401732786137711,0.23123453914360148,0.06695075994990501,0.04394411899690456,0.021800977900658873,0.0,0.0,0.0,51.0,6591.795950641819,1.031626776152966,1342.6583955721599,0.6253627025034233,0.9545797036104178,0.9545797036104178,0.0,61.0,0.18308832151516963,0.14645371687801384,0.230066749626332,3142.961499929428,0.8062961101531982,594.9528585230638,0.3360688367629434,1.0,1.0,0.0,hpo,tuned,FASTAI,NeuralNetFastAI,tabarena-2025-06-12
TA-ILTM (default),1082.3,51.1,67.3,59.69607843137255,0.3174874601003192,0.24090931982435612,0.06066798475167387,0.05023291468439234,0.02469121567344059,0.0,0.0,1.0,50.0,1513.0692572079454,159.21624170565138,413.4515281655619,144.7111502467337,0.9528762504925918,0.9528762504925918,0.0,65.0,0.16322188449847963,0.17636432777196231,0.21325580665913058,1122.6648044586182,141.47196793556213,300.99888680703964,65.82658097223582,1.0,1.0,0.0,config,default,TA-ILTM,iLTM,tabarena-2026-05-13
PB (tuned + ensemble),1079.5,58.0,64.2,59.931372549019606,0.3147514819881441,0.27756226466792816,0.07150039184881907,0.06444740349050024,0.019719793953260532,0.0,0.0,0.0,51.0,5226.060197222467,16.079361976361742,2690.448922405171,3.947101061853518,0.9361659688150128,0.9361659688150128,0.0,64.0,0.17742529412977548,0.23695520784366303,0.23007518796992477,382.8564655780792,2.2666819095611572,176.26175713539124,0.49932644798169673,1.0,1.0,0.0,hpo,tuned_ensemble,PB,PerpetualBooster,tabarena-2026-03-18
TABSTAR (tuned),1074.2,85.1,89.0,60.372549019607845,0.30962152302781576,0.26546260710799946,0.07887505575314468,0.061878569341451944,0.04079440909346642,0.0,2.0,0.0,49.0,159605.1733577906,41.48959353390862,52823.040621849985,15.015285201548942,0.9115444245511065,0.9115444245511065,0.0,68.0,0.1920164898484904,0.18716086208098806,0.21340703832390162,167408.38667988777,9.79713487625122,39935.245136773934,4.287639082786058,1.0,1.0,0.0,hpo,tuned,TABSTAR,TabSTAR,tabarena-2026-03-18
[Leakage] TabSTAR_base (default),1073.3,67.2,70.4,60.450980392156865,0.3087095303237574,0.261398551835414,0.07771599758970882,0.06258581238525227,0.03427320321372889,0.0,0.0,2.0,49.0,1490.7153631191627,58.33853039554521,251.09402343582127,17.534104626433127,0.9389207008602074,0.9389207008602074,0.0,66.0,0.16315763215508172,0.2079631819723678,0.23135400113306592,1038.6962909698486,12.99135446548462,185.6161467075348,3.265627303652063,1.0,1.0,0.0,config,default,[Leakage] TabSTAR_base,[Leakage] TabSTAR_base,[Leakage] TabSTAR_base
TABSTAR (tuned + ensemble),1071.8,84.5,91.8,60.57843137254902,0.3072275421796626,0.26656028020006134,0.07848987274160263,0.06115913964188374,0.034619628169111086,0.0,0.0,1.0,50.0,159605.1733577906,127.37209558019451,52823.040621849985,57.85567537251089,0.9146016315531645,0.9146016315531645,0.0,72.0,0.19448462057660787,0.18769973011041874,0.21342895152834007,167408.38667988777,36.188642263412476,39935.245136773934,20.16570119648518,1.0,1.0,0.0,hpo,tuned_ensemble,TABSTAR,TabSTAR,tabarena-2026-03-18
TA-ORION-MSP (default),1048.5,48.5,52.1,62.490196078431374,0.28499772001823986,0.24926615153942544,0.05936615922501509,0.053307782660601655,0.017712294240534148,0.0,0.0,0.0,51.0,260.40197305118335,48.29970676291223,29.713004113964136,8.212324357779535,0.9762976012709993,0.9762976012709993,0.2549019607843137,65.5,0.18658623130992025,0.22738552519522706,0.22706034533088137,35.0504789352417,2.7886714935302734,12.40124043665434,2.5580293662293694,1.0,1.0,0.0,config,default,TA-ORION-MSP,OrionMSP,tabarena-2026-05-13
[Leakage] TabSTAR_wrong (default),1047.6,76.2,74.5,62.55882352941177,0.28419972640218877,0.26610539739858086,0.07738067867820803,0.06647732554129279,0.0693577578088248,2.0,1.0,0.0,48.0,1017.26855728673,49.15627935353447,156.65527848029038,14.970234339160735,0.9162607889199856,0.9162607889199856,0.37254901960784315,68.5,0.2019804761570333,0.2308855942795484,0.23497875122589074,146.94521594047546,1.3032128810882568,97.56213337644098,2.675319622138779,1.0,1.0,0.0,config,default,[Leakage] TabSTAR_wrong,[Leakage] TabSTAR_wrong,[Leakage] TabSTAR_wrong
[Leakage] TabSTAR_correct (default),1043.2,65.8,91.2,62.911764705882355,0.28009575923392616,0.27756733719393833,0.07177821654556604,0.07202263439647194,0.022323552516994357,0.0,0.0,0.0,51.0,1512.874836954416,58.0305299244675,252.93762229492162,17.37010029322481,0.9534612076094167,0.9534612076094167,0.0,68.0,0.20604936709577826,0.2331013870935205,0.24305428329936143,1161.3037648200989,13.018006801605225,185.2878059412158,3.187535532487804,1.0,1.0,0.0,config,default,[Leakage] TabSTAR_correct,[Leakage] TabSTAR_correct,[Leakage] TabSTAR_correct
NN_TORCH (default),1041.1,48.9,63.9,63.07843137254902,0.2781577747378021,0.245961015362448,0.06794828054677535,0.049754873522639825,0.017439989029806237,0.0,0.0,0.0,51.0,73.82550601865731,0.5703827493331012,14.547729829433454,0.24236132002914643,0.9796793165503339,0.9796793165503339,0.0,64.0,0.14708204097240718,0.1787917057981919,0.21872097588816108,30.76021695137024,0.2736239433288574,8.95763915486452,0.12885630130767822,1.0,1.0,0.0,config,default,NN_TORCH,NeuralNetTorch,tabarena-2025-06-12
PB (tuned),1034.7,54.3,59.2,63.588235294117645,0.2722298221614227,0.2905738277183561,0.07134017519662778,0.06561694666986012,0.017125764536014443,0.0,0.0,0.0,51.0,5226.060197222467,5.5724157305324775,2690.448922405171,1.5342057678627874,0.9662946589273275,0.9662946589273275,0.0,66.5,0.17450774409124503,0.25232063285967093,0.22863680941484144,382.8564655780792,0.4022660255432129,176.26175713539124,0.19117007897972382,1.0,1.0,0.0,hpo,tuned,PB,PerpetualBooster,tabarena-2026-03-18
XRFM_GPU (default),1028.6,64.5,75.4,64.05882352941177,0.2667578659370725,0.274931355617005,0.06409635449565876,0.050701380912862165,0.018242818800538973,0.0,0.0,0.0,51.0,43.17065006143906,3.806738212996838,6.133180831126397,1.1264839498260575,0.9624998709432769,0.9624998709432769,0.0,70.0,0.21589384624078545,0.27343875021012953,0.2562105477499491,10.647649765014648,0.8539636135101318,3.144209170151192,0.7405088776090393,1.0,1.0,0.0,config,default,XRFM_GPU,xRFM_GPU,tabarena-2025-09-03
XT (default),1003.8,63.9,70.0,65.94117647058823,0.2448700410396717,0.2703656965268447,0.06673144856384405,0.05756326556031918,0.017274402861881408,0.0,0.0,0.0,51.0,11.472845844194001,0.7438222987979066,4.289694237386161,0.5667211364589922,0.9759291196568433,0.9759291196568433,0.0,71.0,0.18588147097636876,0.258379355068625,0.23228632478632472,7.375749111175537,0.6371681690216064,1.9744557777637153,0.25102583274489937,1.0,1.0,0.0,config,default,XT,ExtraTrees,tabarena-2026-07-13
RF (default),1000.0,57.1,58.4,66.22549019607843,0.2415640674874601,0.27212401671906905,0.0581367854809382,0.06026843528607734,0.016973287837173213,0.0,0.0,0.0,51.0,5.493931228039312,0.18195290658988206,0.9397227305533076,0.07438379695384985,0.9894254504990606,0.9894254504990606,0.0,68.5,0.21589659324156696,0.2801698500149906,0.23701012383964215,1.763962745666504,0.09250092506408691,0.4316611380184793,0.052512513387518854,1.0,1.0,0.0,config,default,RF,RandomForest,tabarena-2025-06-12
TABFLEX_GPU (default),981.2,71.0,77.1,67.57843137254902,0.22583219334245325,0.29323649882596353,0.07881319533249587,0.06520511316929206,0.016508086813909566,0.0,0.0,0.0,51.0,8.42787161060408,0.6632513859692741,2.5093226314316137,0.40732402160562314,0.9782865457817459,0.9782865457817459,0.2549019607843137,70.0,0.20549560312171644,0.27487529535311195,0.24234180933563898,4.580724239349365,0.3842289447784424,0.800741844177246,0.1187795250235341,1.0,1.0,0.0,config,default,TABFLEX_GPU,TabFlex_GPU,tabarena-2025-09-03
FASTAI (default),980.6,60.2,72.7,67.62745098039215,0.22526219790241678,0.267605576366251,0.06246014434388336,0.048630182012231765,0.015763244105066652,0.0,0.0,0.0,51.0,27.62558492492227,1.0500701642503925,4.983829851716967,0.48117064163733236,0.9852752824925769,0.9852752824925769,0.0,72.0,0.20278004905968927,0.22119424938890955,0.23658119658119647,14.524733304977417,0.6894059181213379,3.1153293528650394,0.31195542895805195,1.0,1.0,0.0,config,default,FASTAI,NeuralNetFastAI,tabarena-2025-06-12
TABSTAR (default),971.6,102.8,114.6,68.25490196078431,0.21796625626994984,0.3205787581772202,0.08595971718944062,0.07189740775291673,0.04130234381144799,1.0,0.0,0.0,50.0,2131.1752908744065,51.58516402805553,465.71814358999836,20.87617102507411,0.9339749087543675,0.9339749087543675,0.0,78.0,0.25122910521140596,0.2630970966110092,0.23725671030738238,2630.3587493896484,10.653594493865967,398.7869028721864,4.644942059412272,1.0,1.0,0.0,config,default,TABSTAR,TabSTAR,tabarena-2026-03-18
KNN (tuned + ensemble),970.9,59.3,84.1,68.30392156862744,0.21739626082991337,0.28721410659599883,0.0722866917682598,0.0554309828003785,0.016782001170079504,0.0,0.0,0.0,51.0,7479.34973449333,300.71385903451954,348.9708210879356,18.439805581153212,0.9759390539962441,0.9759390539962441,0.0,71.0,0.23515985605634415,0.267498786876485,0.2320940170940171,420.417236328125,5.422150135040283,129.1739685664235,1.6266450405120851,1.0,1.0,0.0,hpo,tuned_ensemble,KNN,KNeighbors,tabarena-2025-10-20
PB (default),943.0,60.5,82.4,70.16666666666667,0.19573643410852712,0.3402031510310062,0.0785002555774103,0.07381332015986614,0.021171459403922906,0.0,0.0,1.0,50.0,767.2502326310849,0.5092810182010427,431.54592399772525,0.2513050740144506,0.9746441641838564,0.9746441641838564,0.0,75.0,0.2276293839430935,0.33542866743814037,0.2639905935583735,43.245447397232056,0.08040404319763184,22.75529211120946,0.024814776775548275,1.0,1.0,0.0,config,default,PB,PerpetualBooster,tabarena-2026-03-18
LR (tuned + ensemble),902.3,76.6,99.8,72.66666666666667,0.16666666666666666,0.3518483804454924,0.08360675845975812,0.06773311124013748,0.023648684759496778,0.0,1.0,0.0,50.0,1273.2449920598199,1.4999811555825027,517.8341488744331,0.6538001973334836,0.978859890409184,0.978859890409184,0.0,79.0,0.2913812898372845,0.4405695059453409,0.2460526315789474,832.0974633693695,0.6803224086761475,240.7807800292969,0.30845047943972076,1.0,1.0,0.0,hpo,tuned_ensemble,LR,LinearModel,tabarena-2025-10-20
LR (tuned),881.3,84.2,110.2,73.8529411764706,0.15287277701778385,0.357196270861742,0.08561886473099356,0.06840213809635293,0.020048223931154484,0.0,0.0,1.0,50.0,1273.2449920598199,0.35859188846513335,517.8341488744331,0.10415908188063362,0.9848961314676522,0.9848961314676522,0.0,81.0,0.30488361478776815,0.4711673699015474,0.251140350877193,832.0974633693695,0.11032319068908691,240.7807800292969,0.06832648573904744,1.0,1.0,0.0,hpo,tuned,LR,LinearModel,tabarena-2025-10-20
KNN (tuned),826.6,66.5,90.4,76.6078431372549,0.1208390332877337,0.3443312628092876,0.06352533728033383,0.058826802305623205,0.013771514202167883,0.0,0.0,0.0,51.0,7479.34973449333,29.79767501120474,348.9708210879356,1.1589950116678538,0.9859176578020991,0.9859176578020991,0.0,80.0,0.31894440833752724,0.3735114486538029,0.24349855195660186,420.417236328125,0.285475492477417,129.1739685664235,0.10322097135488845,1.0,1.0,0.0,hpo,tuned,KNN,KNeighbors,tabarena-2025-10-20
LR (default),823.2,75.4,102.4,76.76470588235294,0.11901504787961696,0.3816735931388715,0.07949164033350092,0.06536814556300197,0.013693264142349136,0.0,0.0,0.0,51.0,6.458335193933225,0.44977833710464776,2.787269701273138,0.17296567473982596,0.995145173453997,0.995145173453997,0.0,82.0,0.3095657005278255,0.5357237172003276,0.25338232487315304,4.2521257400512695,0.14241671562194824,1.2348434686660767,0.11544764595504146,1.0,1.0,0.0,config,default,LR,LinearModel,tabarena-2025-10-20
KNN (default),616.7,74.8,104.8,83.3529411764706,0.04240766073871409,0.46535005594115647,0.07495590305267691,0.0531005550095478,0.012067598884450392,0.0,0.0,0.0,51.0,2.5689965322905897,0.6719373347712498,0.5666077985136905,0.06668967762279629,1.0,1.0,0.0,86.0,0.3921372979445218,0.8786482334869414,0.29272222810294224,0.744457483291626,0.06936383247375488,0.19231450080871582,0.03668824779971833,1.0,1.0,0.0,config,default,KNN,KNeighbors,tabarena-2025-10-20
