dataset,fold,model,cpu_cores,cpu_name,gpu_type,gpu_total_memory_gb,inference_peak_cpu_gb,inference_peak_gpu_gb,inference_wall_time_s,m_features,n_test,n_train,system_ram_gb,timestamp,train_examples,train_peak_cpu_gb,train_peak_gpu_gb,train_wall_time_s
MUL_HOUSES_MELBOURNE_AIRBNB,9,TabICL ðŸ—¼,8,AMD EPYC 7742 64-Core Processor,NVIDIA A100-SXM4-40GB,39.58612060546875,48.519004821777344,34.5673828125,206.81187844276428,92,1831,10000,1007.6650238037108,2025-08-07 01:46:43,10000,2.8267784118652344,4.1220703125,316.22358536720276
MUL_HOUSES_MELBOURNE_AIRBNB,8,TabICL ðŸ—¼,8,AMD EPYC 7742 64-Core Processor,NVIDIA A100-SXM4-40GB,39.58612060546875,48.511085510253906,37.2294921875,200.23928833007812,92,1831,10000,1007.6650238037108,2025-08-07 01:46:26,10000,2.7965736389160156,4.1220703125,306.1556541919708
MUL_HOUSES_MELBOURNE_AIRBNB,4,TabICL ðŸ—¼,8,AMD EPYC 7742 64-Core Processor,NVIDIA A100-SXM4-40GB,39.58612060546875,48.38706970214844,34.5830078125,1255.490916967392,92,1831,10000,1007.672779083252,2025-08-07 01:57:15,10000,2.8248558044433594,4.1240234375,625.689489364624
MUL_HOUSES_MELBOURNE_AIRBNB,6,TabICL ðŸ—¼,8,AMD EPYC 7742 64-Core Processor,NVIDIA A100-SXM4-40GB,39.58612060546875,48.44841766357422,38.1123046875,474.1527228355408,92,1831,10000,1007.672779083252,2025-08-07 01:41:01,10000,2.834625244140625,4.2119140625,436.593163728714
MUL_HOUSES_MELBOURNE_AIRBNB,5,TabICL ðŸ—¼,8,AMD EPYC 7742 64-Core Processor,NVIDIA A100-SXM4-40GB,39.58612060546875,48.59171295166016,34.5986328125,483.1275415420532,92,1831,10000,1007.672779083252,2025-08-07 01:41:15,10000,2.9091339111328125,4.3134765625,442.0560750961304
MUL_HOUSES_MELBOURNE_AIRBNB,7,TabICL ðŸ—¼,8,AMD EPYC 7742 64-Core Processor,NVIDIA A100-SXM4-40GB,39.58612060546875,48.512107849121094,38.0947265625,497.90662121772766,92,1831,10000,1007.672779083252,2025-08-07 01:41:30,10000,2.872081756591797,4.2099609375,442.5635621547699
MUL_HOUSES_MELBOURNE_AIRBNB,1,TabICL ðŸ—¼,8,AMD EPYC 7742 64-Core Processor,NVIDIA A100-SXM4-40GB,39.58612060546875,50.26834487915039,34.6103515625,266.4247233867645,92,1831,10000,1007.6650238037108,2025-08-07 01:34:40,10000,2.8601150512695312,4.2705078125,282.7807731628418
MUL_HOUSES_MELBOURNE_AIRBNB,0,TabICL ðŸ—¼,8,AMD EPYC 7742 64-Core Processor,NVIDIA A100-SXM4-40GB,39.58612060546875,50.19877243041992,34.6064453125,269.0478801727295,92,1831,10000,1007.6650238037108,2025-08-07 01:34:46,10000,2.763031005859375,4.2587890625,286.0901973247528
MUL_HOUSES_MELBOURNE_AIRBNB,3,TabICL ðŸ—¼,8,AMD EPYC 7742 64-Core Processor,NVIDIA A100-SXM4-40GB,39.58612060546875,48.51919174194336,34.5634765625,254.13660550117493,92,1831,10000,1007.6650238037108,2025-08-07 01:34:22,10000,2.853862762451172,4.2138671875,277.26885747909546
MUL_HOUSES_MELBOURNE_AIRBNB,2,TabICL ðŸ—¼,8,AMD EPYC 7742 64-Core Processor,NVIDIA A100-SXM4-40GB,39.58612060546875,48.56251525878906,34.6005859375,253.72127318382263,92,1831,10000,1007.6650238037108,2025-08-07 01:34:25,10000,2.90958023071289,4.1181640625,280.6541967391968
MUL_TRANSPORTATION_US_ACCIDENTS_MARCH23,8,TabICL ðŸ—¼,8,AMD EPYC 7742 64-Core Processor,NVIDIA A100-SXM4-40GB,39.58612060546875,7.405895233154297,32.2275390625,21.049981594085693,44,2000,10000,1007.6864013671876,2025-08-03 11:33:22,10000,6.702808380126953,1.3955078125,60.298224687576294
MUL_TRANSPORTATION_US_ACCIDENTS_MARCH23,9,TabICL ðŸ—¼,8,AMD EPYC 7742 64-Core Processor,NVIDIA A100-SXM4-40GB,39.58612060546875,7.384159088134766,32.2138671875,21.59460830688477,44,2000,10000,1007.6864013671876,2025-08-03 11:33:27,10000,6.702171325683594,1.3974609375,59.24357485771179
MUL_TRANSPORTATION_US_ACCIDENTS_MARCH23,6,TabICL ðŸ—¼,8,AMD EPYC 7742 64-Core Processor,NVIDIA A100-SXM4-40GB,39.58612060546875,7.80889892578125,32.2080078125,20.56533455848694,44,2000,10000,1007.6864013671876,2025-08-03 11:28:09,10000,7.233951568603516,1.3974609375,60.38222885131836
MUL_TRANSPORTATION_US_ACCIDENTS_MARCH23,7,TabICL ðŸ—¼,8,AMD EPYC 7742 64-Core Processor,NVIDIA A100-SXM4-40GB,39.58612060546875,7.542343139648437,32.2158203125,20.59481835365295,44,2000,10000,1007.6864013671876,2025-08-03 11:28:03,10000,6.94439697265625,1.3896484375,58.38206601142883
MUL_TRANSPORTATION_US_ACCIDENTS_MARCH23,5,TabICL ðŸ—¼,8,AMD EPYC 7742 64-Core Processor,NVIDIA A100-SXM4-40GB,39.58612060546875,7.818996429443359,32.2138671875,21.010156393051147,44,2000,10000,1007.6650276184082,2025-08-03 11:28:01,10000,7.198490142822266,1.4072265625,57.2930064201355
MUL_TRANSPORTATION_US_ACCIDENTS_MARCH23,2,TabICL ðŸ—¼,8,AMD EPYC 7742 64-Core Processor,NVIDIA A100-SXM4-40GB,39.58612060546875,7.8083343505859375,32.2080078125,20.967814922332764,44,2000,10000,1007.6650276184082,2025-08-03 11:28:00,10000,7.129238128662109,1.4365234375,56.67322206497192
MUL_TRANSPORTATION_US_ACCIDENTS_MARCH23,4,TabICL ðŸ—¼,8,AMD EPYC 7742 64-Core Processor,NVIDIA A100-SXM4-40GB,39.58612060546875,7.557258605957031,32.2216796875,21.38769292831421,44,2000,10000,1007.6650276184082,2025-08-03 11:28:07,10000,6.922100067138672,1.3896484375,56.72324848175049
MUL_TRANSPORTATION_US_ACCIDENTS_MARCH23,3,TabICL ðŸ—¼,8,AMD EPYC 7742 64-Core Processor,NVIDIA A100-SXM4-40GB,39.58612060546875,7.814300537109375,32.2158203125,21.551085948944092,44,2000,10000,1007.6650276184082,2025-08-03 11:28:01,10000,7.2377471923828125,1.3896484375,57.893089056015015
MUL_TRANSPORTATION_US_ACCIDENTS_MARCH23,0,TabICL ðŸ—¼,8,AMD EPYC 7742 64-Core Processor,NVIDIA A100-SXM4-40GB,39.58612060546875,7.674976348876953,32.2138671875,20.866686582565308,44,2000,10000,1007.6864013671876,2025-08-03 11:25:00,10000,7.024394989013672,1.3974609375,57.77625894546509
MUL_SOCIAL_NEWS_CHANNEL_CATEGORY,9,TabICL ðŸ—¼,8,AMD EPYC 7742 64-Core Processor,NVIDIA A100-SXM4-40GB,39.58612060546875,1.8363304138183592,15.1005859375,8.517106533050537,17,2000,10000,1007.6864013671876,2025-08-03 11:19:42,10000,1.5203857421875,0.7373046875,19.565138816833496
MUL_TRANSPORTATION_US_ACCIDENTS_MARCH23,1,TabICL ðŸ—¼,8,AMD EPYC 7742 64-Core Processor,NVIDIA A100-SXM4-40GB,39.58612060546875,7.804821014404297,32.2119140625,21.578145265579224,44,2000,10000,1007.6864013671876,2025-08-03 11:25:05,10000,7.125160217285156,1.4052734375,56.80411195755005
MUL_SOCIAL_NEWS_CHANNEL_CATEGORY,8,TabICL ðŸ—¼,8,AMD EPYC 7742 64-Core Processor,NVIDIA A100-SXM4-40GB,39.58612060546875,1.8406982421875,15.1005859375,9.013455867767334,17,2000,10000,1007.6864013671876,2025-08-03 11:19:43,10000,1.5696525573730469,0.7373046875,20.107513189315796
MUL_SOCIAL_NEWS_CHANNEL_CATEGORY,6,TabICL ðŸ—¼,8,AMD EPYC 7742 64-Core Processor,NVIDIA A100-SXM4-40GB,39.58612060546875,1.8470993041992188,15.1005859375,6.016869306564331,17,2000,10000,1007.6650276184082,2025-08-03 11:17:30,10000,1.470905303955078,0.7373046875,19.05047845840454
MUL_SOCIAL_NEWS_CHANNEL_CATEGORY,5,TabICL ðŸ—¼,8,AMD EPYC 7742 64-Core Processor,NVIDIA A100-SXM4-40GB,39.58612060546875,1.8911018371582031,15.1005859375,6.020444393157959,17,2000,10000,1007.6650276184082,2025-08-03 11:17:29,10000,1.5794296264648438,0.7373046875,19.66297721862793
MUL_SOCIAL_NEWS_CHANNEL_CATEGORY,4,TabICL ðŸ—¼,8,AMD EPYC 7742 64-Core Processor,NVIDIA A100-SXM4-40GB,39.58612060546875,1.837482452392578,15.1005859375,6.018598794937134,17,2000,10000,1007.6650276184082,2025-08-03 11:17:29,10000,1.5679054260253906,0.7373046875,19.03947377204895
MUL_SOCIAL_NEWS_CHANNEL_CATEGORY,7,TabICL ðŸ—¼,8,AMD EPYC 7742 64-Core Processor,NVIDIA A100-SXM4-40GB,39.58612060546875,1.8467559814453125,15.1005859375,6.019260883331299,17,2000,10000,1007.6650276184082,2025-08-03 11:17:29,10000,1.5682258605957031,0.7373046875,19.201539754867554
MUL_SOCIAL_NEWS_CHANNEL_CATEGORY,3,TabICL ðŸ—¼,8,AMD EPYC 7742 64-Core Processor,NVIDIA A100-SXM4-40GB,39.58612060546875,1.8368453979492188,15.1005859375,6.0195465087890625,17,2000,10000,1007.6864013671876,2025-08-03 11:13:58,10000,1.5587005615234375,0.7373046875,19.560070037841797
MUL_SOCIAL_NEWS_CHANNEL_CATEGORY,2,TabICL ðŸ—¼,8,AMD EPYC 7742 64-Core Processor,NVIDIA A100-SXM4-40GB,39.58612060546875,1.8353233337402344,15.1005859375,6.023615598678589,17,2000,10000,1007.6864013671876,2025-08-03 11:13:53,10000,1.538665771484375,0.7373046875,19.54828715324402
MUL_SOCIAL_NEWS_CHANNEL_CATEGORY,0,TabICL ðŸ—¼,8,AMD EPYC 7742 64-Core Processor,NVIDIA A100-SXM4-40GB,39.58612060546875,1.837188720703125,15.1005859375,6.013912916183472,17,2000,10000,1007.6864013671876,2025-08-03 11:13:51,10000,1.486492156982422,0.7373046875,19.652780055999756
MUL_SOCIAL_NEWS_CHANNEL_CATEGORY,1,TabICL ðŸ—¼,8,AMD EPYC 7742 64-Core Processor,NVIDIA A100-SXM4-40GB,39.58612060546875,1.8384513854980469,15.1005859375,6.008102178573608,17,2000,10000,1007.6864013671876,2025-08-03 11:13:50,10000,1.50433349609375,0.7373046875,19.559438705444336
MUL_SOCIAL_GOOGLE_QA_TYPE_REASON,9,TabICL ðŸ—¼,8,AMD EPYC 7742 64-Core Processor,NVIDIA A100-SXM4-40GB,39.58612060546875,2.237255096435547,30.6259765625,13.111868619918823,39,486,4377,1007.6650276184082,2025-08-03 11:12:10,10000,1.6818199157714844,2.0341796875,78.31253361701965
MUL_SOCIAL_GOOGLE_QA_TYPE_REASON,8,TabICL ðŸ—¼,8,AMD EPYC 7742 64-Core Processor,NVIDIA A100-SXM4-40GB,39.58612060546875,2.225311279296875,30.6259765625,13.878740787506104,39,486,4377,1007.6650276184082,2025-08-03 11:12:05,10000,1.6726722717285156,2.0341796875,76.20971369743347
MUL_SOCIAL_GOOGLE_QA_TYPE_REASON,6,TabICL ðŸ—¼,8,AMD EPYC 7742 64-Core Processor,NVIDIA A100-SXM4-40GB,39.58612060546875,2.2007789611816406,30.6259765625,13.43628191947937,39,486,4377,1007.6650276184082,2025-08-03 11:12:03,10000,1.7080764770507812,2.0341796875,76.2245466709137
MUL_SOCIAL_GOOGLE_QA_TYPE_REASON,7,TabICL ðŸ—¼,8,AMD EPYC 7742 64-Core Processor,NVIDIA A100-SXM4-40GB,39.58612060546875,2.2234115600585938,30.6259765625,12.767643451690674,39,486,4377,1007.6650276184082,2025-08-03 11:12:02,10000,1.670001983642578,2.0341796875,76.14754343032837
MUL_SOCIAL_GOOGLE_QA_TYPE_REASON,5,TabICL ðŸ—¼,8,AMD EPYC 7742 64-Core Processor,NVIDIA A100-SXM4-40GB,39.58612060546875,2.1986351013183594,30.6259765625,13.42249631881714,39,486,4377,1007.6864013671876,2025-08-03 11:08:49,10000,1.6504364013671875,2.0341796875,72.4927031993866
MUL_SOCIAL_GOOGLE_QA_TYPE_REASON,0,TabICL ðŸ—¼,8,AMD EPYC 7742 64-Core Processor,NVIDIA A100-SXM4-40GB,39.58612060546875,2.223663330078125,30.6259765625,13.292850971221924,39,486,4377,1007.6864013671876,2025-08-03 11:08:25,10000,1.6577110290527344,2.0341796875,78.39477038383484
MUL_PROFESSIONAL_DATA_SCIENTIST_SALARY,9,TabICL ðŸ—¼,8,AMD EPYC 7742 64-Core Processor,NVIDIA A100-SXM4-40GB,39.58612060546875,2.2988128662109375,31.1259765625,15.776955127716064,6,1584,10000,1007.6864013671876,2025-08-03 11:08:00,10000,1.6873435974121094,1.2626953125,50.676501750946045
MUL_PROFESSIONAL_DATA_SCIENTIST_SALARY,8,TabICL ðŸ—¼,8,AMD EPYC 7742 64-Core Processor,NVIDIA A100-SXM4-40GB,39.58612060546875,2.308826446533203,31.1259765625,15.60745644569397,6,1584,10000,1007.6864013671876,2025-08-03 11:07:59,10000,1.7026023864746094,1.2626953125,50.23841595649719
MUL_SOCIAL_GOOGLE_QA_TYPE_REASON,4,TabICL ðŸ—¼,8,AMD EPYC 7742 64-Core Processor,NVIDIA A100-SXM4-40GB,39.58612060546875,2.201557159423828,30.6259765625,12.689789772033691,39,486,4377,1007.6650276184082,2025-08-03 11:05:57,10000,1.7300758361816406,2.0341796875,66.76574373245239
MUL_SOCIAL_GOOGLE_QA_TYPE_REASON,1,TabICL ðŸ—¼,8,AMD EPYC 7742 64-Core Processor,NVIDIA A100-SXM4-40GB,39.58612060546875,2.2945823669433594,30.6259765625,13.333526134490969,39,486,4377,1007.6650276184082,2025-08-03 11:05:35,10000,1.7092132568359375,2.0341796875,77.2122859954834
MUL_SOCIAL_GOOGLE_QA_TYPE_REASON,2,TabICL ðŸ—¼,8,AMD EPYC 7742 64-Core Processor,NVIDIA A100-SXM4-40GB,39.58612060546875,2.186389923095703,30.6259765625,12.762776136398315,39,486,4377,1007.6650276184082,2025-08-03 11:05:34,10000,1.6894264221191406,2.0341796875,77.86071920394897
MUL_SOCIAL_GOOGLE_QA_TYPE_REASON,3,TabICL ðŸ—¼,8,AMD EPYC 7742 64-Core Processor,NVIDIA A100-SXM4-40GB,39.58612060546875,2.2686729431152344,30.6259765625,14.45727276802063,39,486,4377,1007.6650276184082,2025-08-03 11:05:37,10000,1.6732101440429688,2.0341796875,79.27224898338318
MUL_PROFESSIONAL_DATA_SCIENTIST_SALARY,6,TabICL ðŸ—¼,8,AMD EPYC 7742 64-Core Processor,NVIDIA A100-SXM4-40GB,39.58612060546875,2.322547912597656,31.1259765625,15.05588150024414,6,1584,10000,1007.6864013671876,2025-08-03 11:04:47,10000,1.68182373046875,1.2626953125,51.10102367401123
MUL_PROFESSIONAL_DATA_SCIENTIST_SALARY,7,TabICL ðŸ—¼,8,AMD EPYC 7742 64-Core Processor,NVIDIA A100-SXM4-40GB,39.58612060546875,2.2213172912597656,31.1259765625,14.680447340011597,6,1584,10000,1007.6650276184082,2025-08-03 11:02:07,10000,1.6236724853515625,1.2626953125,49.138400077819824
MUL_PROFESSIONAL_DATA_SCIENTIST_SALARY,3,TabICL ðŸ—¼,8,AMD EPYC 7742 64-Core Processor,NVIDIA A100-SXM4-40GB,39.58612060546875,2.2879562377929688,31.1259765625,14.563358306884766,6,1584,10000,1007.6864013671876,2025-08-03 10:59:00,10000,1.6917800903320312,1.2626953125,47.93868947029114
MUL_PROFESSIONAL_DATA_SCIENTIST_SALARY,5,TabICL ðŸ—¼,8,AMD EPYC 7742 64-Core Processor,NVIDIA A100-SXM4-40GB,39.58612060546875,2.348133087158203,31.1259765625,14.83325982093811,6,1584,10000,1007.6650276184082,2025-08-03 10:58:48,10000,1.7056808471679688,1.2626953125,45.8337676525116
MUL_PROFESSIONAL_DATA_SCIENTIST_SALARY,1,TabICL ðŸ—¼,8,AMD EPYC 7742 64-Core Processor,NVIDIA A100-SXM4-40GB,39.58612060546875,2.356781005859375,31.1259765625,14.074591398239136,6,1584,10000,1007.6864013671876,2025-08-03 10:58:41,10000,1.708160400390625,1.2626953125,49.07481741905213
MUL_PROFESSIONAL_DATA_SCIENTIST_SALARY,2,TabICL ðŸ—¼,8,AMD EPYC 7742 64-Core Processor,NVIDIA A100-SXM4-40GB,39.58612060546875,2.343578338623047,31.1259765625,14.57849144935608,6,1584,10000,1007.6864013671876,2025-08-03 10:58:41,10000,1.7060279846191406,1.2626953125,49.07711338996887
MUL_PROFESSIONAL_DATA_SCIENTIST_SALARY,4,TabICL ðŸ—¼,8,AMD EPYC 7742 64-Core Processor,NVIDIA A100-SXM4-40GB,39.58612060546875,2.3034706115722656,31.1259765625,14.8391215801239,6,1584,10000,1007.6650276184082,2025-08-03 10:58:16,10000,1.7054595947265625,1.2626953125,45.62425994873047
MUL_PROFESSIONAL_DATA_SCIENTIST_SALARY,0,TabICL ðŸ—¼,8,AMD EPYC 7742 64-Core Processor,NVIDIA A100-SXM4-40GB,39.58612060546875,2.3516159057617188,31.1259765625,14.375762939453123,6,1584,10000,1007.6650276184082,2025-08-03 10:54:29,10000,1.6976280212402344,1.2626953125,45.58819246292114
MUL_FOOD_YELP_REVIEWS,8,TabICL ðŸ—¼,8,AMD EPYC 7742 64-Core Processor,NVIDIA A100-SXM4-40GB,39.58612060546875,1.7682723999023438,11.5654296875,5.015557289123535,6,1000,9000,1007.6864013671876,2025-08-03 10:46:21,10000,1.5277938842773438,1.1552734375,36.15502452850342
MUL_FOOD_YELP_REVIEWS,9,TabICL ðŸ—¼,8,AMD EPYC 7742 64-Core Processor,NVIDIA A100-SXM4-40GB,39.58612060546875,1.790802001953125,11.5654296875,5.5054237842559814,6,1000,9000,1007.6864013671876,2025-08-03 10:46:20,10000,1.5207901000976562,1.1552734375,37.231972455978394
MUL_FOOD_YELP_REVIEWS,7,TabICL ðŸ—¼,8,AMD EPYC 7742 64-Core Processor,NVIDIA A100-SXM4-40GB,39.58612060546875,1.7633590698242188,11.5654296875,5.507206678390503,6,1000,9000,1007.6864013671876,2025-08-03 10:44:09,10000,1.5387496948242188,1.1552734375,39.629474401474
MUL_FOOD_YELP_REVIEWS,6,TabICL ðŸ—¼,8,AMD EPYC 7742 64-Core Processor,NVIDIA A100-SXM4-40GB,39.58612060546875,1.758453369140625,11.5654296875,5.517557859420776,6,1000,9000,1007.6650276184082,2025-08-03 10:39:50,10000,1.534637451171875,1.1552734375,36.30235767364502
MUL_FOOD_YELP_REVIEWS,4,TabICL ðŸ—¼,8,AMD EPYC 7742 64-Core Processor,NVIDIA A100-SXM4-40GB,39.58612060546875,1.7879638671875,11.5654296875,5.5206990242004395,6,1000,9000,1007.6650276184082,2025-08-03 10:39:49,10000,1.461261749267578,1.1552734375,36.19906735420227
MUL_FOOD_YELP_REVIEWS,5,TabICL ðŸ—¼,8,AMD EPYC 7742 64-Core Processor,NVIDIA A100-SXM4-40GB,39.58612060546875,1.8101348876953125,11.5654296875,5.5117387771606445,6,1000,9000,1007.6650276184082,2025-08-03 10:39:49,10000,1.5537376403808594,1.1552734375,36.1524293422699
MUL_FOOD_YELP_REVIEWS,0,TabICL ðŸ—¼,8,AMD EPYC 7742 64-Core Processor,NVIDIA A100-SXM4-40GB,39.58612060546875,1.810455322265625,11.5654296875,6.023645639419556,6,1000,9000,1007.6864013671876,2025-08-03 10:39:32,10000,1.5511512756347656,1.1552734375,36.168992042541504
MUL_FOOD_YELP_REVIEWS,3,TabICL ðŸ—¼,8,AMD EPYC 7742 64-Core Processor,NVIDIA A100-SXM4-40GB,39.58612060546875,1.773479461669922,11.5654296875,6.527231693267822,6,1000,9000,1007.6864013671876,2025-08-03 10:39:32,10000,1.5351791381835938,1.1552734375,36.15913486480713
MUL_FOOD_YELP_REVIEWS,2,TabICL ðŸ—¼,8,AMD EPYC 7742 64-Core Processor,NVIDIA A100-SXM4-40GB,39.58612060546875,1.7719268798828125,11.5654296875,6.526548624038696,6,1000,9000,1007.6864013671876,2025-08-03 10:39:32,10000,1.4584236145019531,1.1552734375,36.2584228515625
MUL_FOOD_YELP_REVIEWS,1,TabICL ðŸ—¼,8,AMD EPYC 7742 64-Core Processor,NVIDIA A100-SXM4-40GB,39.58612060546875,1.7844886779785156,11.5654296875,8.028699398040771,6,1000,9000,1007.6864013671876,2025-08-03 10:39:34,10000,1.445068359375,1.1552734375,36.25192070007324
MUL_FOOD_WINE_REVIEW,9,TabICL ðŸ—¼,8,AMD EPYC 7742 64-Core Processor,NVIDIA A100-SXM4-40GB,39.58612060546875,2.1532058715820312,20.2646484375,17.23564386367798,5,2000,10000,1007.6864013671876,2025-08-03 10:38:46,10000,1.670013427734375,0.9208984375,32.06315279006958
MUL_FOOD_WINE_REVIEW,6,TabICL ðŸ—¼,8,AMD EPYC 7742 64-Core Processor,NVIDIA A100-SXM4-40GB,39.58612060546875,2.152080535888672,20.2763671875,17.544002532958984,5,2000,10000,1007.6650276184082,2025-08-03 10:35:07,10000,1.6715812683105469,0.9130859375,28.082531690597538
MUL_FOOD_WINE_REVIEW,8,TabICL ðŸ—¼,8,AMD EPYC 7742 64-Core Processor,NVIDIA A100-SXM4-40GB,39.58612060546875,2.1408042907714844,20.2646484375,22.52332592010498,5,2000,10000,1007.6650276184082,2025-08-03 10:35:13,10000,1.6509628295898438,0.9130859375,29.204967975616455
MUL_FOOD_WINE_REVIEW,7,TabICL ðŸ—¼,8,AMD EPYC 7742 64-Core Processor,NVIDIA A100-SXM4-40GB,39.58612060546875,2.1495323181152344,20.2685546875,20.648160696029663,5,2000,10000,1007.6650276184082,2025-08-03 10:35:11,10000,1.6569786071777344,0.9208984375,28.709117889404297
MUL_FOOD_WINE_REVIEW,5,TabICL ðŸ—¼,8,AMD EPYC 7742 64-Core Processor,NVIDIA A100-SXM4-40GB,39.58612060546875,2.153411865234375,20.2666015625,17.89001441001892,5,2000,10000,1007.6864013671876,2025-08-03 10:33:12,10000,1.661785125732422,0.9208984375,27.62237811088562
MUL_FOOD_WINE_REVIEW,4,TabICL ðŸ—¼,8,AMD EPYC 7742 64-Core Processor,NVIDIA A100-SXM4-40GB,39.58612060546875,2.168983459472656,20.2626953125,17.52527666091919,5,2000,10000,1007.6864013671876,2025-08-03 10:32:51,10000,1.6589813232421875,0.9130859375,27.697731971740723
MUL_FOOD_MICHELIN_GUIDE_RESTAURANTS,9,TabICL ðŸ—¼,8,AMD EPYC 7742 64-Core Processor,NVIDIA A100-SXM4-40GB,39.58612060546875,2.4343109130859375,31.5947265625,20.53827214241028,11,1827,10000,1007.6864013671876,2025-08-03 10:33:05,10000,1.7099227905273438,1.6162109375,81.79147958755493
MUL_FOOD_WINE_REVIEW,0,TabICL ðŸ—¼,8,AMD EPYC 7742 64-Core Processor,NVIDIA A100-SXM4-40GB,39.58612060546875,2.144126892089844,20.2705078125,30.22179698944092,5,2000,10000,1007.6864013671876,2025-08-03 10:32:22,10000,1.6584434509277344,0.9287109375,29.67172479629517
MUL_FOOD_MICHELIN_GUIDE_RESTAURANTS,8,TabICL ðŸ—¼,8,AMD EPYC 7742 64-Core Processor,NVIDIA A100-SXM4-40GB,39.58612060546875,2.398578643798828,31.5947265625,19.827237129211422,11,1827,10000,1007.6864013671876,2025-08-03 10:33:04,10000,1.6233787536621094,1.6162109375,81.41995120048523
MUL_FOOD_WINE_REVIEW,1,TabICL ðŸ—¼,8,AMD EPYC 7742 64-Core Processor,NVIDIA A100-SXM4-40GB,39.58612060546875,2.1606979370117188,20.2626953125,20.15498161315918,5,2000,10000,1007.6650276184082,2025-08-03 10:30:30,10000,1.6693000793457031,0.9130859375,28.12490200996399
MUL_FOOD_WINE_REVIEW,2,TabICL ðŸ—¼,8,AMD EPYC 7742 64-Core Processor,NVIDIA A100-SXM4-40GB,39.58612060546875,2.094829559326172,20.2626953125,19.6577787399292,5,2000,10000,1007.6650276184082,2025-08-03 10:30:28,10000,1.6052207946777344,0.9443359375,27.64390802383423
MUL_FOOD_WINE_REVIEW,3,TabICL ðŸ—¼,8,AMD EPYC 7742 64-Core Processor,NVIDIA A100-SXM4-40GB,39.58612060546875,2.176952362060547,20.2666015625,19.828733682632446,5,2000,10000,1007.6650276184082,2025-08-03 10:30:28,10000,1.6706008911132812,0.9208984375,27.63190245628357
MUL_FOOD_MICHELIN_GUIDE_RESTAURANTS,7,TabICL ðŸ—¼,8,AMD EPYC 7742 64-Core Processor,NVIDIA A100-SXM4-40GB,39.58612060546875,2.435863494873047,31.5947265625,19.671998262405396,11,1827,10000,1007.6864013671876,2025-08-03 10:29:24,10000,1.7573928833007812,1.6103515625,82.32796096801758
MUL_FOOD_MICHELIN_GUIDE_RESTAURANTS,1,TabICL ðŸ—¼,8,AMD EPYC 7742 64-Core Processor,NVIDIA A100-SXM4-40GB,39.58612060546875,2.4509506225585938,31.6123046875,31.7784104347229,11,1827,10000,1007.6864013671876,2025-08-03 10:25:31,10000,1.7358322143554688,1.6083984375,76.20612287521362
MUL_CONSUMER_WOMEN_ECOMMERCE_CLOTHING_REVIEW,9,TabICL ðŸ—¼,8,AMD EPYC 7742 64-Core Processor,NVIDIA A100-SXM4-40GB,39.58612060546875,1.930328369140625,21.3720703125,8.539538145065308,10,1878,10000,1007.6864013671876,2025-08-03 10:24:29,10000,1.5443496704101562,1.0048828125,38.58266282081604
MUL_FOOD_MICHELIN_GUIDE_RESTAURANTS,3,TabICL ðŸ—¼,8,AMD EPYC 7742 64-Core Processor,NVIDIA A100-SXM4-40GB,39.58612060546875,2.413196563720703,31.5947265625,31.673739910125732,11,1827,10000,1007.6864013671876,2025-08-03 10:25:31,10000,1.7225379943847656,1.6162109375,75.79600310325623
MUL_FOOD_MICHELIN_GUIDE_RESTAURANTS,2,TabICL ðŸ—¼,8,AMD EPYC 7742 64-Core Processor,NVIDIA A100-SXM4-40GB,39.58612060546875,2.4875755310058594,31.5947265625,30.79793119430542,11,1827,10000,1007.6864013671876,2025-08-03 10:25:30,10000,1.7518081665039062,1.6162109375,76.49959230422974
MUL_FOOD_MICHELIN_GUIDE_RESTAURANTS,0,TabICL ðŸ—¼,8,AMD EPYC 7742 64-Core Processor,NVIDIA A100-SXM4-40GB,39.58612060546875,2.469341278076172,31.5947265625,32.118993520736694,11,1827,10000,1007.6864013671876,2025-08-03 10:25:32,10000,1.7228775024414062,1.6162109375,76.7900743484497
MUL_FOOD_MICHELIN_GUIDE_RESTAURANTS,5,TabICL ðŸ—¼,8,AMD EPYC 7742 64-Core Processor,NVIDIA A100-SXM4-40GB,39.58612060546875,2.48797607421875,31.6123046875,31.44164443016052,11,1827,10000,1007.6650276184082,2025-08-03 10:25:12,10000,1.734405517578125,1.6142578125,78.99278831481934
MUL_FOOD_MICHELIN_GUIDE_RESTAURANTS,6,TabICL ðŸ—¼,8,AMD EPYC 7742 64-Core Processor,NVIDIA A100-SXM4-40GB,39.58612060546875,2.409149169921875,31.5947265625,32.43175745010376,11,1827,10000,1007.6650276184082,2025-08-03 10:25:15,10000,1.719318389892578,1.6162109375,80.45168924331665
MUL_FOOD_MICHELIN_GUIDE_RESTAURANTS,4,TabICL ðŸ—¼,8,AMD EPYC 7742 64-Core Processor,NVIDIA A100-SXM4-40GB,39.58612060546875,2.455303192138672,31.5947265625,29.64353346824646,11,1827,10000,1007.6650276184082,2025-08-03 10:25:14,10000,1.7576255798339844,1.6162109375,82.80183124542236
MUL_CONSUMER_WOMEN_ECOMMERCE_CLOTHING_REVIEW,8,TabICL ðŸ—¼,8,AMD EPYC 7742 64-Core Processor,NVIDIA A100-SXM4-40GB,39.58612060546875,1.9915046691894531,21.3720703125,12.023954629898071,10,1878,10000,1007.6650276184082,2025-08-03 10:19:20,10000,1.6089553833007812,1.0380859375,36.608768463134766
MUL_CONSUMER_WOMEN_ECOMMERCE_CLOTHING_REVIEW,6,TabICL ðŸ—¼,8,AMD EPYC 7742 64-Core Processor,NVIDIA A100-SXM4-40GB,39.58612060546875,1.989227294921875,21.3779296875,12.016533613204956,10,1878,10000,1007.6650276184082,2025-08-03 10:19:20,10000,1.6033096313476562,1.0302734375,36.555651903152466
MUL_CONSUMER_WOMEN_ECOMMERCE_CLOTHING_REVIEW,7,TabICL ðŸ—¼,8,AMD EPYC 7742 64-Core Processor,NVIDIA A100-SXM4-40GB,39.58612060546875,1.9635696411132812,21.3681640625,12.02417802810669,10,1878,10000,1007.6650276184082,2025-08-03 10:19:20,10000,1.5409507751464844,0.9990234375,36.63111400604248
MUL_CONSUMER_WOMEN_ECOMMERCE_CLOTHING_REVIEW,4,TabICL ðŸ—¼,8,AMD EPYC 7742 64-Core Processor,NVIDIA A100-SXM4-40GB,39.58612060546875,1.9904632568359375,21.3779296875,8.525280952453613,10,1878,10000,1007.6864013671876,2025-08-03 10:17:23,10000,1.6055984497070312,0.9951171875,35.580201625823975
MUL_CONSUMER_WOMEN_ECOMMERCE_CLOTHING_REVIEW,5,TabICL ðŸ—¼,8,AMD EPYC 7742 64-Core Processor,NVIDIA A100-SXM4-40GB,39.58612060546875,1.9462776184082031,21.3779296875,9.010174989700316,10,1878,10000,1007.6864013671876,2025-08-03 10:17:24,10000,1.604839324951172,0.9951171875,36.06700181961059
MUL_CONSUMER_WOMEN_ECOMMERCE_CLOTHING_REVIEW,1,TabICL ðŸ—¼,8,AMD EPYC 7742 64-Core Processor,NVIDIA A100-SXM4-40GB,39.58612060546875,1.9890098571777344,21.3779296875,10.545981884002686,10,1878,10000,1007.6864013671876,2025-08-03 10:17:19,10000,1.615631103515625,1.0576171875,38.08406400680542
MUL_CONSUMER_WOMEN_ECOMMERCE_CLOTHING_REVIEW,3,TabICL ðŸ—¼,8,AMD EPYC 7742 64-Core Processor,NVIDIA A100-SXM4-40GB,39.58612060546875,2.0155677795410156,21.3720703125,10.541108131408691,10,1878,10000,1007.6864013671876,2025-08-03 10:17:19,10000,1.6056976318359375,1.0107421875,38.57823920249939
MUL_CONSUMER_WOMEN_ECOMMERCE_CLOTHING_REVIEW,2,TabICL ðŸ—¼,8,AMD EPYC 7742 64-Core Processor,NVIDIA A100-SXM4-40GB,39.58612060546875,2.0037193298339844,21.3779296875,9.012280464172363,10,1878,10000,1007.6864013671876,2025-08-03 10:17:17,10000,1.606487274169922,0.9677734375,38.12264347076416
MUL_CONSUMER_PRODUCT_SENTIMENT,8,TabICL ðŸ—¼,8,AMD EPYC 7742 64-Core Processor,NVIDIA A100-SXM4-40GB,39.58612060546875,1.710063934326172,7.5849609375,2.5094032287597656,2,509,4582,1007.6650276184082,2025-08-03 10:14:10,10000,1.4473724365234375,0.7451171875,13.09940791130066
MUL_CONSUMER_WOMEN_ECOMMERCE_CLOTHING_REVIEW,0,TabICL ðŸ—¼,8,AMD EPYC 7742 64-Core Processor,NVIDIA A100-SXM4-40GB,39.58612060546875,2.0178909301757812,21.3720703125,8.505902767181396,10,1878,10000,1007.6650276184082,2025-08-03 10:14:39,10000,1.607379913330078,0.9755859375,36.256057262420654
MUL_CONSUMER_PRODUCT_SENTIMENT,9,TabICL ðŸ—¼,8,AMD EPYC 7742 64-Core Processor,NVIDIA A100-SXM4-40GB,39.58612060546875,1.6983795166015625,7.5869140625,2.5075507164001465,2,509,4582,1007.6650276184082,2025-08-03 10:14:10,10000,1.5153579711914062,0.7451171875,14.599383115768433
MUL_CONSUMER_PRODUCT_SENTIMENT,3,TabICL ðŸ—¼,8,AMD EPYC 7742 64-Core Processor,NVIDIA A100-SXM4-40GB,39.58612060546875,1.7023391723632812,6.9033203125,2.5172529220581055,2,509,4582,1007.6864013671876,2025-08-03 10:10:40,10000,1.4619483947753906,0.7451171875,12.719823122024536
MUL_CONSUMER_PRODUCT_SENTIMENT,4,TabICL ðŸ—¼,8,AMD EPYC 7742 64-Core Processor,NVIDIA A100-SXM4-40GB,39.58612060546875,1.6998405456542969,7.5869140625,2.5186469554901123,2,509,4582,1007.6864013671876,2025-08-03 10:10:40,10000,1.512409210205078,0.7451171875,13.038382530212402
MUL_CONSUMER_PRODUCT_SENTIMENT,0,TabICL ðŸ—¼,8,AMD EPYC 7742 64-Core Processor,NVIDIA A100-SXM4-40GB,39.58612060546875,1.7099342346191406,7.5849609375,2.540546417236328,2,509,4582,1007.6864013671876,2025-08-03 10:10:23,10000,1.498004913330078,0.7451171875,13.600785970687866
MUL_CONSUMER_PRODUCT_SENTIMENT,1,TabICL ðŸ—¼,8,AMD EPYC 7742 64-Core Processor,NVIDIA A100-SXM4-40GB,39.58612060546875,1.6986351013183594,5.8798828125,2.5112602710723877,2,509,4582,1007.6864013671876,2025-08-03 10:10:23,10000,1.534160614013672,0.7021484375,13.558538913726808
MUL_CONSUMER_PRODUCT_SENTIMENT,2,TabICL ðŸ—¼,8,AMD EPYC 7742 64-Core Processor,NVIDIA A100-SXM4-40GB,39.58612060546875,1.7057418823242188,7.5869140625,2.517589807510376,2,509,4582,1007.6864013671876,2025-08-03 10:10:22,10000,1.5326690673828125,0.7451171875,13.54093074798584
MUL_CONSUMER_PRODUCT_SENTIMENT,5,TabICL ðŸ—¼,8,AMD EPYC 7742 64-Core Processor,NVIDIA A100-SXM4-40GB,39.58612060546875,1.7056655883789062,7.5849609375,3.0106208324432373,2,509,4582,1007.6650276184082,2025-08-03 10:09:42,10000,1.4724006652832031,0.7451171875,12.643468618392944
MUL_CONSUMER_PRODUCT_SENTIMENT,7,TabICL ðŸ—¼,8,AMD EPYC 7742 64-Core Processor,NVIDIA A100-SXM4-40GB,39.58612060546875,1.704387664794922,7.5849609375,3.0122313499450684,2,509,4582,1007.6650276184082,2025-08-03 10:09:42,10000,1.5429306030273438,0.7236328125,13.201379537582396
MUL_CONSUMER_PRODUCT_SENTIMENT,6,TabICL ðŸ—¼,8,AMD EPYC 7742 64-Core Processor,NVIDIA A100-SXM4-40GB,39.58612060546875,1.715423583984375,7.5849609375,2.516785144805908,2,509,4582,1007.6650276184082,2025-08-03 10:09:47,10000,1.4533767700195312,0.7451171875,18.624457359313965
BIN_SOCIAL_JIGSAW_TOXICITY,9,TabICL ðŸ—¼,8,AMD EPYC 7742 64-Core Processor,NVIDIA A100-SXM4-40GB,39.58612060546875,2.159679412841797,23.0224609375,8.508363008499146,40,2000,10000,1007.6864013671876,2025-08-03 10:05:00,10000,1.757843017578125,1.1845703125,28.61754536628723
BIN_SOCIAL_JIGSAW_TOXICITY,7,TabICL ðŸ—¼,8,AMD EPYC 7742 64-Core Processor,NVIDIA A100-SXM4-40GB,39.58612060546875,2.2039794921875,23.0341796875,8.011846780776978,40,2000,10000,1007.6650276184082,2025-08-03 10:04:51,10000,1.797119140625,0.9736328125,29.56856656074524
BIN_SOCIAL_JIGSAW_TOXICITY,8,TabICL ðŸ—¼,8,AMD EPYC 7742 64-Core Processor,NVIDIA A100-SXM4-40GB,39.58612060546875,2.154266357421875,23.0322265625,8.514153957366943,40,2000,10000,1007.6650276184082,2025-08-03 10:04:50,10000,1.7237930297851562,1.0224609375,28.8852059841156
BIN_SOCIAL_JIGSAW_TOXICITY,5,TabICL ðŸ—¼,8,AMD EPYC 7742 64-Core Processor,NVIDIA A100-SXM4-40GB,39.58612060546875,2.145591735839844,23.0244140625,8.512969732284546,40,2000,10000,1007.6864013671876,2025-08-03 10:04:48,10000,1.7243270874023438,1.2021484375,28.619314908981323
BIN_SOCIAL_JIGSAW_TOXICITY,6,TabICL ðŸ—¼,8,AMD EPYC 7742 64-Core Processor,NVIDIA A100-SXM4-40GB,39.58612060546875,2.2066001892089844,23.0361328125,12.013410091400146,40,2000,10000,1007.6650276184082,2025-08-03 10:04:31,10000,1.8007049560546875,1.0068359375,28.67088794708252
BIN_SOCIAL_JIGSAW_TOXICITY,3,TabICL ðŸ—¼,8,AMD EPYC 7742 64-Core Processor,NVIDIA A100-SXM4-40GB,39.58612060546875,2.1477622985839844,23.0302734375,17.02898335456848,40,2000,10000,1007.6864013671876,2025-08-03 10:04:06,10000,1.7389030456542969,1.2275390625,31.66099858283997
BIN_SOCIAL_JIGSAW_TOXICITY,4,TabICL ðŸ—¼,8,AMD EPYC 7742 64-Core Processor,NVIDIA A100-SXM4-40GB,39.58612060546875,2.1375808715820312,23.0244140625,18.01296615600586,40,2000,10000,1007.6864013671876,2025-08-03 10:04:06,10000,1.7278060913085938,0.9755859375,31.59953236579895
BIN_SOCIAL_JIGSAW_TOXICITY,2,TabICL ðŸ—¼,8,AMD EPYC 7742 64-Core Processor,NVIDIA A100-SXM4-40GB,39.58612060546875,2.1895484924316406,23.0322265625,14.0406813621521,40,2000,10000,1007.6864013671876,2025-08-03 10:04:03,10000,1.781158447265625,1.0341796875,32.14713954925537
BIN_SOCIAL_IMDB_GENRE_PREDICTION,8,TabICL ðŸ—¼,8,AMD EPYC 7742 64-Core Processor,NVIDIA A100-SXM4-40GB,39.58612060546875,1.7939453125,1.5986328125,2.0144941806793213,11,80,720,1007.6864013671876,2025-08-03 10:01:20,10000,1.5631828308105469,1.1259765625,25.092721700668335
BIN_SOCIAL_JIGSAW_TOXICITY,1,TabICL ðŸ—¼,8,AMD EPYC 7742 64-Core Processor,NVIDIA A100-SXM4-40GB,39.58612060546875,2.153545379638672,23.0244140625,9.510165929794312,40,2000,10000,1007.6650276184082,2025-08-03 10:00:26,10000,1.7304573059082031,1.0732421875,29.17744731903076
BIN_SOCIAL_JIGSAW_TOXICITY,0,TabICL ðŸ—¼,8,AMD EPYC 7742 64-Core Processor,NVIDIA A100-SXM4-40GB,39.58612060546875,2.151573181152344,23.0244140625,10.521729469299316,40,2000,10000,1007.6650276184082,2025-08-03 10:00:26,10000,1.736492156982422,1.1162109375,28.718860149383545
BIN_SOCIAL_IMDB_GENRE_PREDICTION,9,TabICL ðŸ—¼,8,AMD EPYC 7742 64-Core Processor,NVIDIA A100-SXM4-40GB,39.58612060546875,1.747406005859375,2.0693359375,2.014906883239746,11,80,720,1007.6650276184082,2025-08-03 10:00:05,10000,1.5523529052734375,1.1259765625,19.06297993659973
BIN_SOCIAL_IMDB_GENRE_PREDICTION,7,TabICL ðŸ—¼,8,AMD EPYC 7742 64-Core Processor,NVIDIA A100-SXM4-40GB,39.58612060546875,1.78558349609375,5.1611328125,2.51477313041687,11,80,720,1007.6864013671876,2025-08-03 09:59:33,10000,1.5569801330566406,1.1259765625,19.680351734161377
BIN_SOCIAL_IMDB_GENRE_PREDICTION,1,TabICL ðŸ—¼,8,AMD EPYC 7742 64-Core Processor,NVIDIA A100-SXM4-40GB,39.58612060546875,1.7864456176757812,5.1611328125,3.010795831680298,11,80,720,1007.6864013671876,2025-08-03 09:57:14,10000,1.5635337829589844,1.1259765625,20.085001230239868
BIN_SOCIAL_IMDB_GENRE_PREDICTION,3,TabICL ðŸ—¼,8,AMD EPYC 7742 64-Core Processor,NVIDIA A100-SXM4-40GB,39.58612060546875,1.8030014038085935,3.5595703125,3.0166404247283936,11,80,720,1007.6864013671876,2025-08-03 09:57:14,10000,1.5538444519042969,1.1259765625,20.121920585632324
BIN_SOCIAL_IMDB_GENRE_PREDICTION,2,TabICL ðŸ—¼,8,AMD EPYC 7742 64-Core Processor,NVIDIA A100-SXM4-40GB,39.58612060546875,1.7807960510253906,3.3583984375,2.012787103652954,11,80,720,1007.6864013671876,2025-08-03 09:57:14,10000,1.5611572265625,1.1259765625,21.076799631118774
BIN_SOCIAL_IMDB_GENRE_PREDICTION,6,TabICL ðŸ—¼,8,AMD EPYC 7742 64-Core Processor,NVIDIA A100-SXM4-40GB,39.58612060546875,1.7410316467285156,1.3603515625,2.014808177947998,11,80,720,1007.6650276184082,2025-08-03 09:55:50,10000,1.495685577392578,1.1259765625,18.04807162284851
BIN_SOCIAL_IMDB_GENRE_PREDICTION,5,TabICL ðŸ—¼,8,AMD EPYC 7742 64-Core Processor,NVIDIA A100-SXM4-40GB,39.58612060546875,1.7811660766601562,2.3349609375,2.0150678157806396,11,80,720,1007.6650276184082,2025-08-03 09:55:49,10000,1.5604705810546875,1.1259765625,18.05504083633423
BIN_SOCIAL_IMDB_GENRE_PREDICTION,4,TabICL ðŸ—¼,8,AMD EPYC 7742 64-Core Processor,NVIDIA A100-SXM4-40GB,39.58612060546875,1.7750778198242188,2.1884765625,2.0152246952056885,11,80,720,1007.6650276184082,2025-08-03 09:55:46,10000,1.55450439453125,1.1259765625,18.097487211227417
BIN_SOCIAL_IMDB_GENRE_PREDICTION,0,TabICL ðŸ—¼,8,AMD EPYC 7742 64-Core Processor,NVIDIA A100-SXM4-40GB,39.58612060546875,1.7719841003417969,3.5595703125,2.015127182006836,11,80,720,1007.6864013671876,2025-08-03 09:54:40,10000,1.5464553833007812,1.1259765625,21.101651191711422
BIN_PROFESSIONAL_KICKSTARTER_FUNDING,9,TabICL ðŸ—¼,8,AMD EPYC 7742 64-Core Processor,NVIDIA A100-SXM4-40GB,39.58612060546875,2.1833763122558594,29.5888671875,14.664530038833618,9,2000,10000,1007.6864013671876,2025-08-03 09:55:27,10000,1.7123298645019531,1.3603515625,59.34705829620361
BIN_PROFESSIONAL_KICKSTARTER_FUNDING,4,TabICL ðŸ—¼,8,AMD EPYC 7742 64-Core Processor,NVIDIA A100-SXM4-40GB,39.58612060546875,2.1740875244140625,29.5888671875,15.12014126777649,9,2000,10000,1007.6864013671876,2025-08-03 09:51:15,10000,1.6992225646972656,1.3603515625,55.75063395500183
BIN_PROFESSIONAL_KICKSTARTER_FUNDING,3,TabICL ðŸ—¼,8,AMD EPYC 7742 64-Core Processor,NVIDIA A100-SXM4-40GB,39.58612060546875,2.1858062744140625,29.5888671875,20.802270650863647,9,2000,10000,1007.6864013671876,2025-08-03 09:51:15,10000,1.728179931640625,1.3603515625,57.203786849975586
BIN_PROFESSIONAL_KICKSTARTER_FUNDING,5,TabICL ðŸ—¼,8,AMD EPYC 7742 64-Core Processor,NVIDIA A100-SXM4-40GB,39.58612060546875,2.1716232299804688,29.5888671875,17.069624185562134,9,2000,10000,1007.6864013671876,2025-08-03 09:51:07,10000,1.7270469665527344,1.3603515625,55.64057922363281
BIN_PROFESSIONAL_KICKSTARTER_FUNDING,7,TabICL ðŸ—¼,8,AMD EPYC 7742 64-Core Processor,NVIDIA A100-SXM4-40GB,39.58612060546875,2.141613006591797,29.5888671875,19.8624267578125,9,2000,10000,1007.6650276184082,2025-08-03 09:51:00,10000,1.7313385009765625,1.3603515625,54.78792333602905
BIN_PROFESSIONAL_KICKSTARTER_FUNDING,8,TabICL ðŸ—¼,8,AMD EPYC 7742 64-Core Processor,NVIDIA A100-SXM4-40GB,39.58612060546875,2.16043472290039,29.5888671875,20.241356134414673,9,2000,10000,1007.6650276184082,2025-08-03 09:51:00,10000,1.692840576171875,1.3603515625,54.49894905090332
BIN_PROFESSIONAL_KICKSTARTER_FUNDING,6,TabICL ðŸ—¼,8,AMD EPYC 7742 64-Core Processor,NVIDIA A100-SXM4-40GB,39.58612060546875,2.15481948852539,29.5888671875,15.090907335281372,9,2000,10000,1007.6650276184082,2025-08-03 09:50:54,10000,1.6598472595214844,1.3603515625,53.82696294784546
BIN_PROFESSIONAL_FAKE_JOB_POSTING,8,TabICL ðŸ—¼,8,AMD EPYC 7742 64-Core Processor,NVIDIA A100-SXM4-40GB,39.58612060546875,2.0883102416992188,27.8251953125,12.472439289093018,5,1272,10000,1007.6864013671876,2025-08-03 09:48:31,10000,1.5980300903320312,1.3994140625,77.44425821304321
BIN_PROFESSIONAL_FAKE_JOB_POSTING,9,TabICL ðŸ—¼,8,AMD EPYC 7742 64-Core Processor,NVIDIA A100-SXM4-40GB,39.58612060546875,2.0905494689941406,27.8251953125,13.301639318466188,5,1272,10000,1007.6864013671876,2025-08-03 09:48:30,10000,1.6187019348144531,1.3994140625,78.41743922233582
BIN_PROFESSIONAL_KICKSTARTER_FUNDING,1,TabICL ðŸ—¼,8,AMD EPYC 7742 64-Core Processor,NVIDIA A100-SXM4-40GB,39.58612060546875,2.164955139160156,29.5888671875,19.67307686805725,9,2000,10000,1007.6650276184082,2025-08-03 09:45:40,10000,1.7189712524414062,1.3603515625,54.96834325790405
BIN_PROFESSIONAL_KICKSTARTER_FUNDING,0,TabICL ðŸ—¼,8,AMD EPYC 7742 64-Core Processor,NVIDIA A100-SXM4-40GB,39.58612060546875,2.173748016357422,29.5888671875,19.13639807701111,9,2000,10000,1007.6650276184082,2025-08-03 09:45:39,10000,1.7292938232421875,1.3603515625,54.40670657157898
BIN_PROFESSIONAL_KICKSTARTER_FUNDING,2,TabICL ðŸ—¼,8,AMD EPYC 7742 64-Core Processor,NVIDIA A100-SXM4-40GB,39.58612060546875,2.151580810546875,29.5888671875,20.139736890792847,9,2000,10000,1007.6650276184082,2025-08-03 09:45:40,10000,1.6796722412109375,1.3603515625,54.33600854873657
BIN_PROFESSIONAL_FAKE_JOB_POSTING,7,TabICL ðŸ—¼,8,AMD EPYC 7742 64-Core Processor,NVIDIA A100-SXM4-40GB,39.58612060546875,2.08642578125,27.8251953125,11.572065591812134,5,1272,10000,1007.6864013671876,2025-08-03 09:40:06,10000,1.59429931640625,1.3994140625,72.80973935127258
BIN_PROFESSIONAL_FAKE_JOB_POSTING,5,TabICL ðŸ—¼,8,AMD EPYC 7742 64-Core Processor,NVIDIA A100-SXM4-40GB,39.58612060546875,2.101402282714844,27.8251953125,11.534780025482178,5,1272,10000,1007.6864013671876,2025-08-03 09:40:06,10000,1.6197586059570312,1.3994140625,72.31552243232727
BIN_PROFESSIONAL_FAKE_JOB_POSTING,6,TabICL ðŸ—¼,8,AMD EPYC 7742 64-Core Processor,NVIDIA A100-SXM4-40GB,39.58612060546875,2.0768356323242188,27.8251953125,11.53062868118286,5,1272,10000,1007.6864013671876,2025-08-03 09:40:06,10000,1.6424064636230469,1.3994140625,72.90707349777222
BIN_PROFESSIONAL_FAKE_JOB_POSTING,1,TabICL ðŸ—¼,8,AMD EPYC 7742 64-Core Processor,NVIDIA A100-SXM4-40GB,39.58612060546875,2.054607391357422,27.8251953125,16.225302696228027,5,1272,10000,1007.6650276184082,2025-08-03 09:40:09,10000,1.6165428161621094,1.3994140625,72.26582503318787
BIN_PROFESSIONAL_FAKE_JOB_POSTING,0,TabICL ðŸ—¼,8,AMD EPYC 7742 64-Core Processor,NVIDIA A100-SXM4-40GB,39.58612060546875,2.0822181701660156,27.8251953125,15.161216974258425,5,1272,10000,1007.6650276184082,2025-08-03 09:40:08,10000,1.6270408630371094,1.3994140625,72.35388088226318
BIN_PROFESSIONAL_FAKE_JOB_POSTING,2,TabICL ðŸ—¼,8,AMD EPYC 7742 64-Core Processor,NVIDIA A100-SXM4-40GB,39.58612060546875,2.1053924560546875,27.8251953125,19.293885707855225,5,1272,10000,1007.6650276184082,2025-08-03 09:40:15,10000,1.6568260192871094,1.3994140625,75.77428913116455
BIN_PROFESSIONAL_FAKE_JOB_POSTING,3,TabICL ðŸ—¼,8,AMD EPYC 7742 64-Core Processor,NVIDIA A100-SXM4-40GB,39.58612060546875,2.0992431640625,27.8251953125,11.52224612236023,5,1272,10000,1007.6727294921876,2025-08-03 09:39:12,10000,1.6034278869628906,1.3994140625,76.43377041816711
BIN_PROFESSIONAL_FAKE_JOB_POSTING,4,TabICL ðŸ—¼,8,AMD EPYC 7742 64-Core Processor,NVIDIA A100-SXM4-40GB,39.58612060546875,2.100696563720703,27.8251953125,11.094184160232544,5,1272,10000,1007.6727294921876,2025-08-03 09:39:11,10000,1.6115646362304688,1.3994140625,76.47335720062256
